-- INSERINDO DADOS NA TABELA USUARIO
INSERT INTO USUARIO (LOGIN, SENHA) VALUES
('GILSON.ALMEIDA','G1501375'),
('SEBASTIAO.RODRIGUES','S1602440'),
('VALDIR.CASTRO','V1602396'),
('LUIZ.MELO','L1701777'),
('FRANCISCO.JESUS','F1602405'),
('NELSON.MOREIRA','N1602128'),
('RAIMUNDO.MORAES','R1602230'),
('FABIO.MOURA','F1601249'),
('ANDRE.COSTA','A1701595'),
('MARCIO.BATISTA','M1601576'),
('VINICIUS.CONCEICAO','V1501650'),
('JOAO.SOUSA','J1702249'),
('ANTONIO.MAGALHAES','A1702525'),
('JOSE.MORAIS','J1501148'),
('JONATHAN.FILHO','J1502810'),
('PAULO.MELO','P1602770'),
('ALESSANDRO.DIAS','A1602697'),
('EVERTON.MARTINS','E1602173'),
('EDSON.FERNANDES','E1601713'),
('EMERSON.MENEZES','E1602326'),
('CICERO.SANTANA','C1501257'),
('MICHELE SOUZA GARCIA','M1501464'),
('DOUGLAS.XAVIER','D1502465'),
('RODRIGO.GOMES','R1502808'),
('ALEXANDRE.DIAS','A1601975'),
('MAURO.CARVALHO','M1702530'),
('EDUARDO  VIEIRA','E1602305'),
('FABRICIO.MACHADO','F1701582'),
('DANIEL.ROCHA','D1501352'),
('JEAN.NEVES','J1701910'),
('TAMIRES.CAVALCANTE','T1701166'),
('DIEGO.NETO','D1502850'),
('MARCELO.SANTOS','M1602346'),
('LEONARDO.CUNHA','L1601418'),
('ALAN.AGUIAR','A1702476'),
('ADRIANA.MACHADO','A1702619'),
('MARIA.NASCIMENTO','M1502116'),
('ANA.FARIAS','A1702648'),
('RENATA.COSTA','R1702436'),
('VERA.CARDOSO','V1602388'),
('ELIANE.MENDES','E1701548'),
('JESSICA.PEREIRA','J1502514'),
('PRISCILA.FARIAS','P1601584'),
('ROSANGELA.RIBEIRO','R1502845'),
('LUCIANA.FERREIRA','L1601609'),
('ELAINE.BRAGA','E1702717'),
('ANTONIA.FILHO','A1602719'),
('PATRICIA.MORAIS','P1601963'),
('MARIA.MORAES','M1602611'),
('CLAUDIA DE LIMA MOURA','C1601449'),
('ALAN .OLIVEIRA','12345676'),
('ALBERTO.JUNIOR','12345676'),
('ALEXANDRE.RANGEL','12345676'),
('ALEXANDRE.MARTINS','12345676'),
('ALVARO.TAKEI','12345676'),
('ANA.SANTOS','12345676'),
('BRUNO.KALKEVICIUS','12345676'),
('CEZAR.BELLINI','12345676'),
('EDSON.SILVA','12345676'),
('EDSON.TSUKIMOTO','12345676'),
('EDUARDO.QUEIROZ','12345676'),
('EMILIO.RESENDE','12345676'),
('FELIPE.DIAS','12345676'),
('FERNANDO.ZUHER','12345676'),
('FRANCESCA.ROMANELLI','12345676'),
('GISELDA.PEREIRA','12345676'),
('GUILHERME.LOHMANN','12345676'),
('GUSTAVO.FERREIRA','12345676'),
('ILANA.CONCILIO','12345676'),
('IZA.MELÃO','12345676'),
('JOÃO.COUTINHO','12345676'),
('JOSÉ.PRADO','12345676'),
('LEONARDO.TAKUNO','12345676'),
('LUCAS.GONÇALVES','12345676'),
('LUCIANO.CROCCO','12345676'),
('MARCEL.PIRES','12345676'),
('MARCELO.SILVA','12345676'),
('MARCELO.TERRA','12345676'),
('MARCO.JEUNON','12345676'),
('OSVALDO.TAKAI','12345676'),
('PEDRO.PRADO','12345676'),
('PLÍNIO.FILHO','12345676'),
('RENATO.SANTOS','12345676'),
('RODRIGO.PIASSI','12345676'),
('SÉRGIO.BRUZETTI','12345676'),
('VANDERSON.BOSSI','12345676'),
('VICTOR.OLIVEIRA','12345676'),
('VLADIMIR.CHAGAS','12345676'),
('BRUNO.LIMA','13456789'),
('ALAN.CARVALHO','13456789'),
('AYAO.OKAMOTO','13456789'),
('MICHELLE.BRUNA', '12345678');

-- INSERINDO DADOS NA TABELA ALUNO
INSERT INTO ALUNO 
(IDUSUARIO, NOME, EMAIL, CELULAR, RA) 
VALUES
(1, 'GILSON FERNANDES ALMEIDA', 'gf_almeida@impacta.com.br', '986746264', '1501375'),
(2, 'SEBASTIAO DE OLIVEIRA RODRIGUES', 'sd_rodrigues@impacta.com.br', '967865642', '1602440'),
(3, 'VALDIR GOMES DE CASTRO', 'vg_castro@impacta.com.br', '976524863', '1602396'),
(4, 'LUIZ CARLOS DE JESUS MELO', 'ld_melo@impacta.com.br', '985674302', '1701777'),
(5,  'FRANCISCO DE SOUZA JESUS', 'fd_jesus@impacta.com.br', '946789324', '1602405'),
(6, 'NELSON FERREIRA DE MOREIRA', 'nf_moreira@impacta.com.br', '954796035', '1602128'),
(7, 'RAIMUNDO VIEIRA MORAES', 'rv_moraes@impacta.com.br', '987302098', '1602230'),
(8, 'FABIO FERNANDES MOURA', 'ff_moura@impacta.com.br', '906956748', '1601249'),
(9, 'ANDRE SANTOS DE COSTA', 'as_costa@impacta.com.br', '923467855', '1701595'),
(10, 'MARCIO DA COSTA BATISTA', 'md_batista@impacta.com.br', '985674382', '1601576'),
(11, 'VINICIUS SOUZA CONCEICAO', 'vs_conceicao@impacta.com.br', '987674563', '1501650'),
(12, 'JOAO BATISTA ALVES DA SOUSA', 'ja_sousa@impacta.com.br', '976564352', '1702249'),
(13, 'ANTONIO CARLOS FERREIRA DE MAGALHAES', 'af_magalhaes@impacta.com.br', '975932410', '1702525'),
(14, 'JOSE CARLOS LIMA MORAIS', 'jl_morais@impacta.com.br', '952783546', '1501148'),
(15, 'JONATHAN SANTOS DE FILHO', 'js_filho@impacta.com.br', '956403529', '1502810'),
(16, 'PAULO RODRIGUES DA MELO', 'pr_melo@impacta.com.br', '867563520', '1602770'),
(17, 'ALESSANDRO  DIAS', 'a_dias@impacta.com.br', '987564738', '1602697'),
(18, 'EVERTON DE OLIVEIRA MARTINS', 'ed_martins@impacta.com.br', '867584930', '1602173'),
(19, 'EDSON APARECIDA DE FERNANDES', 'ea_fernandes@impacta.com.br', '906743829', '1601713'),
(20, 'EMERSON GOMES MENEZES', 'eg_menezes@impacta.com.br', '947893026', '1602326'),
(21, 'CICERO PEREIRA DE SANTANA', 'cp_santana@impacta.com.br', '940362718', '1501257'),
(22, 'MICHELE SOUZA GARCIA', 'ms_garcia@impacta.com.br', '932081420', '1501464'),
(23, 'DOUGLAS GONCALVES XAVIER', 'dg_xavier@impacta.com.br', '950472195', '1502465'),
(24, 'RODRIGO REGINA GOMES', 'rr_gomes@impacta.com.br', '912347586', '1502808'),
(25, 'ALEXANDRE DE JESUS DIAS', 'ad_dias@impacta.com.br', '923081235', '1601975'),
(26, 'MAURO DE JESUS CARVALHO', 'md_carvalho@impacta.com.br', '986504325', '1702530'),
(27, 'EDUARDO  VIEIRA', 'e_vieira@impacta.com.br', '956473824', '1602305'),
(28, 'FABRICIO REGINA MACHADO', 'fr_machado@impacta.com.br', '937281940', '1701582'),
(29, 'DANIEL FERREIRA DE ROCHA', 'df_rocha@impacta.com.br', '915372805', '1501352'),
(30, 'JEAN DA COSTA NEVES', 'jd_neves@impacta.com.br', '936401263', '1701910'),
(31, 'TAMIRES PEREIRA DE CAVALCANTE', 'tp_cavalcante@impacta.com.br', '867320184', '1701166'),
(32, 'DIEGO REGINA NETO', 'dr_neto@impacta.com.br', '945362718', '1502850'),
(33, 'MARCELO DOS SANTOS', 'md_santos@impacta.com.br', '912034675', '1602346'),
(34, 'LEONARDO RODRIGUES DE CUNHA', 'lr_cunha@impacta.com.br', '903458529', '1601418'),
(35, 'ALAN ALVES AGUIAR', 'aa_aguiar@impacta.com.br', '946370812', '1702476'),
(36, 'ADRIANA FERNANDES MACHADO', 'af_machado@impacta.com.br', '967382901', '1702619'),
(37, 'MARIA BARBOSA NASCIMENTO', 'mb_nascimento@impacta.com.br', '912304657', '1502116'),
(38, 'ANA PAULA FERREIRA DE FARIAS', 'af_farias@impacta.com.br', '908432671', '1702648'),
(39, 'RENATA VIEIRA COSTA', 'rv_costa@impacta.com.br', '936571420', '1702436'),
(40, 'VERA  CARDOSO', 'v_cardoso@impacta.com.br', '946783425', '1602388'),
(41, 'ELIANE BARBOSA MENDES', 'eb_mendes@impacta.com.br', '925367840', '1701548'),
(42, 'JESSICA DE OLIVEIRA PEREIRA', 'jd_pereira@impacta.com.br', '947382091', '1502514'),
(43, 'PRISCILA MARIA DE FARIAS', 'pm_farias@impacta.com.br', '905748935', '1601584'),
(44, 'ROSANGELA PEREIRA DE RIBEIRO', 'rp_ribeiro@impacta.com.br', '947012439', '1502845'),
(45, 'LUCIANA MARIA FERREIRA', 'lm_ferreira@impacta.com.br', '903251674', '1601609'),
(46, 'ELAINE SOARES BRAGA', 'es_braga@impacta.com.br', '937280536', '1702717'),
(47, 'ANTONIA FERREIRA FILHO', 'af_filho@impacta.com.br', '946301234', '1602719'),
(48, 'PATRICIA DE SOUZA MORAIS', 'pd_morais@impacta.com.br', '950452345', '1601963'),
(49, 'MARIA JOSE APARECIDA MORAES', 'ma_moraes@impacta.com.br', '8564738123', '1602611'),
(50, 'CLAUDIA DE LIMA MOURA', 'cd_moura@impacta.com.br', '903865712', '1601449');

-- INSERINDO DADOS NA TABELA COORDENADOR 
INSERT INTO COORDENADOR (IDUSUARIO, NOME, EMAIL, CELULAR) VALUES
(65, 'FRANCESCA ROMANELLI', 'Francesca_Romanelli@impacta.com.br','11985749685'),
(56, 'ANA CRISTINA DOS SANTOS', 'ac_santos@impacta.com.br','11987654321'),
(89, 'BRUNO LUIS SOARES DE LIMA', 'bruno_luis@impacta.com.br','11974859612'),
(80, 'OSVALDO KOTARO TAKAI', 'osvaldo_takai@impacta.com.br','11912358759'),
(90, 'ALAN HENRRIQUE PARDO DE CARVALHO', 'alan_henfique@impacta.com.br','11912345678'),
(91, 'AYAO OKAMOTO', 'ayao@impacta.com.br','11987654312');

-- INSERINDO DADOS NA TABELA PROFESSOR
INSERT INTO PROFESSOR (IDUSUARIO, NOME, EMAIL, CELULAR, APELIDO) VALUES
(51, 'ALAN ALVES DE OLIVEIRA', 'aa_oliveira@impacta.com.br','987655678','ALAN'),
(52, 'ALBERTO DE MEDEIROS JUNIOR', 'am_junior@impacta.com.br','954327654','ALBERTO'),
(53, 'ALEXANDRE LEITE RANGEL', 'al_rangel@impacta.com.br','983090034','RANGEL'),
(54, 'ALEXANDRE LOCCI MARTINS', 'al_martins@impacta.com.br','967852018','MARTINS'),
(55, 'ALVARO TOSHIO TAKEI', 'at_tekei@impacta.com.br','934561018','ALVARO'),
(56, 'ANA CRISTINA DOS SANTOS', 'ac_santos@impacta.com.br','967890920','ANA'),
(57, 'BRUNO ROBERTO KALKEVICIUS', 'br_kalkevicius@impacta.com.br','945650943','BRUNO'),
(58, 'CEZAR BELLINI', 'c_belini@impacta.com.br','990900932','CEZAR'),
(59, 'EDSON BENITES SILVA', 'eb_silva@impacta.com.br','987870438','EDSON'),
(60, 'EDSON TIHARU TSUKIMOTO', 'et_tsukimoto@impacta.com.br','933447650','TSUKIMOTO'),
(61, 'EDUARDO LUIS DE QUEIROZ', 'el_queiroz@impacta.com.br','999880543','EDU'),
(62, 'EMILIO MURTA RESENDE', 'em_resende@impacta.com.br','970703084','EMILIO'),
(63, 'FELIPE AUGUSTO ROCHA DIAS', 'fa_dias@impacta.com.br','987870896','FELIPE'),
(64, 'FERNANDO ZUHER', 'f_zuher@impacta.com.br','945434675','FERNANDO'),
(65, 'FRANCESCA ROMANELLI', 'ff_pereira@impacta.com.br','987553467','FRANCESCA'),
(66, 'GISELDA FERNANDA PEREIRA', 'gf_pereira@impacta.com.br','987650987','GISELDA'),
(67, 'GUILHERME GARCEZ LOHMANN', 'gg_Lohman@impacta.com.br','987431234','GUILHERME'),
(68, 'GUSTAVO MENDES FERREIRA', 'gm_ferreira@impacta.com.br','987652020','FERREIRA'),
(69, 'ILANA DE ALMEIDA SOUZA CONCILIO', 'ia_concilio@impacta.com.br','955552098','ILANA'),
(70, 'IZA MELÃO', 'i_melao@impacta.com.br','966659022','IZA'),
(71, 'JOÃO PAULO VENÂNCIO COUTINHO', 'jp_venancio@impacta.com.br','922334455','JP'),
(72, 'JOSÉ PACHECO DE ALMEIDA PRADO', 'jp_prado@impacta.com.br','987656789','PACHECO'),
(73, 'LEONARDO MASSAYUKI TAKUNO', 'lm_takuno@impacta.com.br','988904907','TAKUNO'),
(74, 'LUCAS MENDES MARQUES GONÇALVES', 'lm_goncalves@impacta.com.br','987901789','LUCAS'),
(75, 'LUCIANO CROCCO', 'l_crocco@impacta.com.br','940027800','LUCIANO'),
(76, 'MARCEL GINOTTI PIRES', 'mg_pires@impacta.com.br','987612601','MARCEL'),
(77, 'MARCELO CORREIA DA SILVA', 'mc_silva@impacta.com.br','954625454','MARCELO'),
(78, 'MARCELO SANSINI TERRA', 'ms_pera@impacta.com.br','987687345','SANSINI'),
(79, 'MARCO TÚLIO JEUNON', 'mt_jeunon@impacta.com.br','988134432','MARCO'),
(80, 'OSVALDO KOTARO TAKAI', 'ok_takai@impacta.com.br','956779050','TAKAI'),
(81, 'PEDRO FELIPE DO PRADO', 'pf_prado@impacta.com.br','955585827','PEDRO'),
(82, 'PLÍNIO BARBIERI FILHO', 'pb_filho@impacta.com.br','9512707218','PLINIO'),
(83, 'RENATO DE SOUZA SANTOS', 'rs_santos@impacta.com.br','926690212','RENATO'),
(84, 'RODRIGO PIASSI', 'r_piassi@impacta.com.br','901406043','RODRIGO'),
(85, 'SÉRGIO EDUARDO DI SANTORO BRUZETTI', 'se_bruzetti@impacta.com.br','959903937','SÉRGIO'),
(86, 'VANDERSON GOMES BOSSI', 'vg_bossi@impacta.com.br','988673560','VANDERSON'),
(87, 'VICTOR INÁCIO DE OLIVEIRA', 'vi_oliveira@impacta.com.br','981811587','VICTOR'),
(88, 'VLADIMIR CHAGAS', 'v_chagas@impacta.com.br','981811580','VLADIMIR'),
(92, 'MICHELLE BRUNA BILECKI', 'm_bruna@impacta.com.br', '932675123', 'MICHELLE');

-- INSERINDO DADOS NA TABELA CURSO
INSERT INTO CURSO (NOME)
VALUES 
('ADMINISTRAÇÃO'), ('ANÁLISE E DESENVOLVIMENTO DE SISTEMAS'), ('ANÁLISE E DESENVOLVIMENTO DE SISTEMAS - EAD'), ('BANCO DE DADOS'),
('ENGENHARIA DA COMPUTAÇÃO'), ('GESTÃO DA TECNOLOGIA DA INFORMAÇÃO'), ('JOGOS DIGITAIS'), ('PROCESSOS GERENCIAIS'),
('PRODUÇÃO MULTIMÍDIA'), ('REDES DE COMPUTADORES'), ('SISTEMAS DE INFORMAÇÃO');

-- INSERINDO DADOS NA TABELA DISCIPLINA
INSERT INTO DISCIPLINA (NOME, PLANODEENSINO, CARGAHORARIA, COMPETENCIAS, HABILIDADES, EMENTA, CONTEUDOPROGRAMATICO, BIBLIOGRAFIABASICA, BIBLIOGRAFIACOMPLEMENTAR, PERCENTUALPRATICO, PERCENTUALTEORICO, IDCOORDENADOR) 
VALUES
-- ADMINISTRAÇÃO
('Comunicação e Expressão', 'PLANO DE ENSINO DA DISCIPLINA', 80, 'COMPETENCIAS DA DISCIPLINA', 'HABILIDADES DA DISCIPLINA', 'EMENTA DA DISCIPLINA', 'CONTEUDO DA DISCIPLINA', 'BIBLIOGRAFIA BÁSICA', 'BIBLIOGRAFIA COMPLEMENTAR',100,0,1),
('Fundamentos da Administração','PLANO DE ENSINO DA DISCIPLINA',80 , 'COMPETENCIAS DA DISCIPLINA', 'HABILIDADES DA DISCIPLINA' , 'EMENTA DA DISCIPLINA', 'CONTEUDO DA DISCIPLINA','BIBLIOGRAFIA BÁSICA', 'BIBLIOGRAFIA COMPLEMENTAR',50,50,1),
('MACROECONOMIA', 'PLANO DE ENSINO DA DISCIPLINA', 80, 'COMPETENCIAS DA DISCIPLINA','HABILIDADES DA DISCIPLINA', 'EMENTA DA DISCIPLINA', 'CONTEUDO DA DISCIPLINA', 'BIBLIOGRAFIA BÁSICA', 'BIBLIOGRAFIA COMPLEMENTAR',70,30,1),
('MATEMATICA APLICADA', 'PLANO DE ENSINO DA DISCIPLINA', 80, 'COMPETENCIAS DA DISCIPLINA','HABILIDADES DA DISCIPLINA', 'EMENTA DA DISCIPLINA', 'CONTEUDO DA DISCIPLINA', 'BIBLIOGRAFIA BÁSICA', 'BIBLIOGRAFIA COMPLEMENTAR',50,50,1),
('Modelos de Neg e Empreen', 'PLANO DE ENSINO DA DISCIPLINA', 80, 'COMPETENCIAS DA DISCIPLINA','HABILIDADES DA DISCIPLINA', 'EMENTA DA DISCIPLINA', 'CONTEUDO DA DISCIPLINA', 'BIBLIOGRAFIA BÁSICA', 'BIBLIOGRAFIA COMPLEMENTAR',40,60,1),
('Pensamento Crítico e Ética', 'PLANO DE ENSINO DA DISCIPLINA', 80, 'COMPETENCIAS DA DISCIPLINA','HABILIDADES DA DISCIPLINA', 'EMENTA DA DISCIPLINA', 'CONTEUDO DA DISCIPLINA', 'BIBLIOGRAFIA BÁSICA', 'BIBLIOGRAFIA COMPLEMENTAR',20,80,1),
('Análise Exploratória de Dados', 'PLANO DE ENSINO DA DISCIPLINA', 80, 'COMPETENCIAS DA DISCIPLINA','HABILIDADES DA DISCIPLINA', 'EMENTA DA DISCIPLINA', 'CONTEUDO DA DISCIPLINA', 'BIBLIOGRAFIA BÁSICA', 'BIBLIOGRAFIA COMPLEMENTAR',50,50,1),
('Contabilidade Financeira', 'PLANO DE ENSINO DA DISCIPLINA', 80, 'COMPETENCIAS DA DISCIPLINA','HABILIDADES DA DISCIPLINA', 'EMENTA DA DISCIPLINA', 'CONTEUDO DA DISCIPLINA', 'BIBLIOGRAFIA BÁSICA', 'BIBLIOGRAFIA COMPLEMENTAR',100,0,1),
('Microeconomia', 'PLANO DE ENSINO DA DISCIPLINA', 80, 'COMPETENCIAS DA DISCIPLINA','HABILIDADES DA DISCIPLINA', 'EMENTA DA DISCIPLINA', 'CONTEUDO DA DISCIPLINA', 'BIBLIOGRAFIA BÁSICA', 'BIBLIOGRAFIA COMPLEMENTAR',100,0,1),
('Raciocínio Analítico', 'PLANO DE ENSINO DA DISCIPLINA', 80, 'COMPETENCIAS DA DISCIPLINA','HABILIDADES DA DISCIPLINA', 'EMENTA DA DISCIPLINA', 'CONTEUDO DA DISCIPLINA', 'BIBLIOGRAFIA BÁSICA', 'BIBLIOGRAFIA COMPLEMENTAR',100,0,1),
('Sociologia e Política', 'PLANO DE ENSINO DA DISCIPLINA', 80, 'COMPETENCIAS DA DISCIPLINA','HABILIDADES DA DISCIPLINA', 'EMENTA DA DISCIPLINA', 'CONTEUDO DA DISCIPLINA', 'BIBLIOGRAFIA BÁSICA', 'BIBLIOGRAFIA COMPLEMENTAR',10,90,1),
('Matemática Financeira', 'PLANO DE ENSINO DA DISCIPLINA', 40, 'COMPETENCIAS DA DISCIPLINA','HABILIDADES DA DISCIPLINA', 'EMENTA DA DISCIPLINA', 'CONTEUDO DA DISCIPLINA', 'BIBLIOGRAFIA BÁSICA', 'BIBLIOGRAFIA COMPLEMENTAR',60,40,1),
('Modelagem de Process de Neg', 'PLANO DE ENSINO DA DISCIPLINA', 80, 'COMPETENCIAS DA DISCIPLINA','HABILIDADES DA DISCIPLINA', 'EMENTA DA DISCIPLINA', 'CONTEUDO DA DISCIPLINA', 'BIBLIOGRAFIA BÁSICA', 'BIBLIOGRAFIA COMPLEMENTAR',100,0,1),
('Administração Financeira', 'PLANO DE ENSINO DA DISCIPLINA', 80, 'COMPETENCIAS DA DISCIPLINA','HABILIDADES DA DISCIPLINA', 'EMENTA DA DISCIPLINA', 'CONTEUDO DA DISCIPLINA', 'BIBLIOGRAFIA BÁSICA', 'BIBLIOGRAFIA COMPLEMENTAR',80,20,1),
('Estratégia Organizacional', 'PLANO DE ENSINO DA DISCIPLINA', 80, 'COMPETENCIAS DA DISCIPLINA','HABILIDADES DA DISCIPLINA', 'EMENTA DA DISCIPLINA', 'CONTEUDO DA DISCIPLINA', 'BIBLIOGRAFIA BÁSICA', 'BIBLIOGRAFIA COMPLEMENTAR',60,40,1),
('Gestão de Marketing', 'PLANO DE ENSINO DA DISCIPLINA', 80, 'COMPETENCIAS DA DISCIPLINA','HABILIDADES DA DISCIPLINA', 'EMENTA DA DISCIPLINA', 'CONTEUDO DA DISCIPLINA', 'BIBLIOGRAFIA BÁSICA', 'BIBLIOGRAFIA COMPLEMENTAR',100,0,1),
('Gestão de Operações', 'PLANO DE ENSINO DA DISCIPLINA', 80, 'COMPETENCIAS DA DISCIPLINA','HABILIDADES DA DISCIPLINA', 'EMENTA DA DISCIPLINA', 'CONTEUDO DA DISCIPLINA', 'BIBLIOGRAFIA BÁSICA', 'BIBLIOGRAFIA COMPLEMENTAR',80,20,1),
('Gestão Estratégica de Pessoas', 'PLANO DE ENSINO DA DISCIPLINA', 80, 'COMPETENCIAS DA DISCIPLINA','HABILIDADES DA DISCIPLINA', 'EMENTA DA DISCIPLINA', 'CONTEUDO DA DISCIPLINA', 'BIBLIOGRAFIA BÁSICA', 'BIBLIOGRAFIA COMPLEMENTAR',70,30,1),
('Design Thinking', 'PLANO DE ENSINO DA DISCIPLINA', 40, 'COMPETENCIAS DA DISCIPLINA','HABILIDADES DA DISCIPLINA', 'EMENTA DA DISCIPLINA', 'CONTEUDO DA DISCIPLINA', 'BIBLIOGRAFIA BÁSICA', 'BIBLIOGRAFIA COMPLEMENTAR',60,40,1),
('Direito Aplicado à Adm', 'PLANO DE ENSINO DA DISCIPLINA', 80, 'COMPETENCIAS DA DISCIPLINA','HABILIDADES DA DISCIPLINA', 'EMENTA DA DISCIPLINA', 'CONTEUDO DA DISCIPLINA', 'BIBLIOGRAFIA BÁSICA', 'BIBLIOGRAFIA COMPLEMENTAR',80,20,1),
('Gestão de Qualidade', 'PLANO DE ENSINO DA DISCIPLINA', 80, 'COMPETENCIAS DA DISCIPLINA','HABILIDADES DA DISCIPLINA', 'EMENTA DA DISCIPLINA', 'CONTEUDO DA DISCIPLINA', 'BIBLIOGRAFIA BÁSICA', 'BIBLIOGRAFIA COMPLEMENTAR',30,70,1),
('Marketing Avançado', 'PLANO DE ENSINO DA DISCIPLINA', 80, 'COMPETENCIAS DA DISCIPLINA','HABILIDADES DA DISCIPLINA', 'EMENTA DA DISCIPLINA', 'CONTEUDO DA DISCIPLINA', 'BIBLIOGRAFIA BÁSICA', 'BIBLIOGRAFIA COMPLEMENTAR',50,50,1),
('Respo Social Corporativo', 'PLANO DE ENSINO DA DISCIPLINA', 40, 'COMPETENCIAS DA DISCIPLINA','HABILIDADES DA DISCIPLINA', 'EMENTA DA DISCIPLINA', 'CONTEUDO DA DISCIPLINA', 'BIBLIOGRAFIA BÁSICA', 'BIBLIOGRAFIA COMPLEMENTAR',80,20,1),
('Startup e Inovação', 'PLANO DE ENSINO DA DISCIPLINA', 80, 'COMPETENCIAS DA DISCIPLINA','HABILIDADES DA DISCIPLINA', 'EMENTA DA DISCIPLINA', 'CONTEUDO DA DISCIPLINA', 'BIBLIOGRAFIA BÁSICA', 'BIBLIOGRAFIA COMPLEMENTAR',60,40,1),
('Fin Corp e Merc de Capi', 'PLANO DE ENSINO DA DISCIPLINA', 80, 'COMPETENCIAS DA DISCIPLINA','HABILIDADES DA DISCIPLINA', 'EMENTA DA DISCIPLINA', 'CONTEUDO DA DISCIPLINA', 'BIBLIOGRAFIA BÁSICA', 'BIBLIOGRAFIA COMPLEMENTAR',40,60,1),
('Gestão da Cadeia de Supri', 'PLANO DE ENSINO DA DISCIPLINA', 80, 'COMPETENCIAS DA DISCIPLINA','HABILIDADES DA DISCIPLINA', 'EMENTA DA DISCIPLINA', 'CONTEUDO DA DISCIPLINA', 'BIBLIOGRAFIA BÁSICA', 'BIBLIOGRAFIA COMPLEMENTAR',80,20,1),
('Gestão de Custos', 'PLANO DE ENSINO DA DISCIPLINA', 80, 'COMPETENCIAS DA DISCIPLINA','HABILIDADES DA DISCIPLINA', 'EMENTA DA DISCIPLINA', 'CONTEUDO DA DISCIPLINA', 'BIBLIOGRAFIA BÁSICA', 'BIBLIOGRAFIA COMPLEMENTAR',70,30,1),
('Gestão de Proj de Inovação', 'PLANO DE ENSINO DA DISCIPLINA', 80, 'COMPETENCIAS DA DISCIPLINA','HABILIDADES DA DISCIPLINA', 'EMENTA DA DISCIPLINA', 'CONTEUDO DA DISCIPLINA', 'BIBLIOGRAFIA BÁSICA', 'BIBLIOGRAFIA COMPLEMENTAR',10,90,1),
('Tomada de Decisão e Neg', 'PLANO DE ENSINO DA DISCIPLINA', 80, 'COMPETENCIAS DA DISCIPLINA','HABILIDADES DA DISCIPLINA', 'EMENTA DA DISCIPLINA', 'CONTEUDO DA DISCIPLINA', 'BIBLIOGRAFIA BÁSICA', 'BIBLIOGRAFIA COMPLEMENTAR',20,80,1),
('Análise de Viab de Proj', 'PLANO DE ENSINO DA DISCIPLINA', 80, 'COMPETENCIAS DA DISCIPLINA','HABILIDADES DA DISCIPLINA', 'EMENTA DA DISCIPLINA', 'CONTEUDO DA DISCIPLINA', 'BIBLIOGRAFIA BÁSICA', 'BIBLIOGRAFIA COMPLEMENTAR',80,20,1),
('Estratégia Comp e Corp', 'PLANO DE ENSINO DA DISCIPLINA', 80, 'COMPETENCIAS DA DISCIPLINA','HABILIDADES DA DISCIPLINA', 'EMENTA DA DISCIPLINA', 'CONTEUDO DA DISCIPLINA', 'BIBLIOGRAFIA BÁSICA', 'BIBLIOGRAFIA COMPLEMENTAR',30,70,1),
('Jogos de Estratégias', 'PLANO DE ENSINO DA DISCIPLINA', 80, 'COMPETENCIAS DA DISCIPLINA','HABILIDADES DA DISCIPLINA', 'EMENTA DA DISCIPLINA', 'CONTEUDO DA DISCIPLINA', 'BIBLIOGRAFIA BÁSICA', 'BIBLIOGRAFIA COMPLEMENTAR',60,40,1),
('TCC1', 'PLANO DE ENSINO DA DISCIPLINA', 80, 'COMPETENCIAS DA DISCIPLINA','HABILIDADES DA DISCIPLINA', 'EMENTA DA DISCIPLINA', 'CONTEUDO DA DISCIPLINA', 'BIBLIOGRAFIA BÁSICA', 'BIBLIOGRAFIA COMPLEMENTAR',70,30,1),
('Governança Corporativa', 'PLANO DE ENSINO DA DISCIPLINA', 80, 'COMPETENCIAS DA DISCIPLINA','HABILIDADES DA DISCIPLINA', 'EMENTA DA DISCIPLINA', 'CONTEUDO DA DISCIPLINA', 'BIBLIOGRAFIA BÁSICA', 'BIBLIOGRAFIA COMPLEMENTAR',100,0,1),
('Negócios Internacionais', 'PLANO DE ENSINO DA DISCIPLINA', 80, 'COMPETENCIAS DA DISCIPLINA','HABILIDADES DA DISCIPLINA', 'EMENTA DA DISCIPLINA', 'CONTEUDO DA DISCIPLINA', 'BIBLIOGRAFIA BÁSICA', 'BIBLIOGRAFIA COMPLEMENTAR',90,10,1),
('TCC2', 'PLANO DE ENSINO DA DISCIPLINA', 80, 'COMPETENCIAS DA DISCIPLINA','HABILIDADES DA DISCIPLINA', 'EMENTA DA DISCIPLINA', 'CONTEUDO DA DISCIPLINA', 'BIBLIOGRAFIA BÁSICA', 'BIBLIOGRAFIA COMPLEMENTAR',70,30,1),

-- ANALISE E DESENVOLVIMENTO DE SITEMAS
('Fundamentos de Banco de Dados', 'PLANO DE ENSINO DA DISCIPLINA', 80, 'COMPETENCIAS DA DISCIPLINA','HABILIDADES DA DISCIPLINA', 'EMENTA DA DISCIPLINA', 'CONTEUDO DA DISCIPLINA', 'BIBLIOGRAFIA BÁSICA', 'BIBLIOGRAFIA COMPLEMENTAR',90,10,2),
('IoT', 'PLANO DE ENSINO DA DISCIPLINA', 80, 'COMPETENCIAS DA DISCIPLINA','HABILIDADES DA DISCIPLINA', 'EMENTA DA DISCIPLINA', 'CONTEUDO DA DISCIPLINA', 'BIBLIOGRAFIA BÁSICA', 'BIBLIOGRAFIA COMPLEMENTAR',100,0,2),
('Linguagem de Progrm I', 'PLANO DE ENSINO DA DISCIPLINA', 80, 'COMPETENCIAS DA DISCIPLINA','HABILIDADES DA DISCIPLINA', 'EMENTA DA DISCIPLINA', 'CONTEUDO DA DISCIPLINA', 'BIBLIOGRAFIA BÁSICA', 'BIBLIOGRAFIA COMPLEMENTAR',100,0,2),
('Lógica de Programação', 'PLANO DE ENSINO DA DISCIPLINA', 80, 'COMPETENCIAS DA DISCIPLINA','HABILIDADES DA DISCIPLINA', 'EMENTA DA DISCIPLINA', 'CONTEUDO DA DISCIPLINA', 'BIBLIOGRAFIA BÁSICA', 'BIBLIOGRAFIA COMPLEMENTAR',100,0,2),
('Ling de Program II', 'PLANO DE ENSINO DA DISCIPLINA', 80, 'COMPETENCIAS DA DISCIPLINA','HABILIDADES DA DISCIPLINA', 'EMENTA DA DISCIPLINA', 'CONTEUDO DA DISCIPLINA', 'BIBLIOGRAFIA BÁSICA', 'BIBLIOGRAFIA COMPLEMENTAR',100,0,2),
('Linguagem SQL', 'PLANO DE ENSINO DA DISCIPLINA', 80, 'COMPETENCIAS DA DISCIPLINA','HABILIDADES DA DISCIPLINA', 'EMENTA DA DISCIPLINA', 'CONTEUDO DA DISCIPLINA', 'BIBLIOGRAFIA BÁSICA', 'BIBLIOGRAFIA COMPLEMENTAR',100,0,2),
('Engenharia de Software', 'PLANO DE ENSINO DA DISCIPLINA', 80, 'COMPETENCIAS DA DISCIPLINA','HABILIDADES DA DISCIPLINA', 'EMENTA DA DISCIPLINA', 'CONTEUDO DA DISCIPLINA', 'BIBLIOGRAFIA BÁSICA', 'BIBLIOGRAFIA COMPLEMENTAR',100,0,2),
('Tecnologia Web', 'PLANO DE ENSINO DA DISCIPLINA', 80, 'COMPETENCIAS DA DISCIPLINA','HABILIDADES DA DISCIPLINA', 'EMENTA DA DISCIPLINA', 'CONTEUDO DA DISCIPLINA', 'BIBLIOGRAFIA BÁSICA', 'BIBLIOGRAFIA COMPLEMENTAR',90,10,2),
('Amb de Dev e Ops - DevOps', 'PLANO DE ENSINO DA DISCIPLINA', 80, 'COMPETENCIAS DA DISCIPLINA','HABILIDADES DA DISCIPLINA', 'EMENTA DA DISCIPLINA', 'CONTEUDO DA DISCIPLINA', 'BIBLIOGRAFIA BÁSICA', 'BIBLIOGRAFIA COMPLEMENTAR',100,0,2),
('Sociedade e Sustent - Opt', 'PLANO DE ENSINO DA DISCIPLINA', 40, 'COMPETENCIAS DA DISCIPLINA','HABILIDADES DA DISCIPLINA', 'EMENTA DA DISCIPLINA', 'CONTEUDO DA DISCIPLINA', 'BIBLIOGRAFIA BÁSICA', 'BIBLIOGRAFIA COMPLEMENTAR',0,100,2),
('LIBRAS - Optativa', 'PLANO DE ENSINO DA DISCIPLINA', 40, 'COMPETENCIAS DA DISCIPLINA','HABILIDADES DA DISCIPLINA', 'EMENTA DA DISCIPLINA', 'CONTEUDO DA DISCIPLINA', 'BIBLIOGRAFIA BÁSICA', 'BIBLIOGRAFIA COMPLEMENTAR',0,100,2),
('Desenv de Aplic Distribuídas', 'PLANO DE ENSINO DA DISCIPLINA', 80, 'COMPETENCIAS DA DISCIPLINA','HABILIDADES DA DISCIPLINA', 'EMENTA DA DISCIPLINA', 'CONTEUDO DA DISCIPLINA', 'BIBLIOGRAFIA BÁSICA', 'BIBLIOGRAFIA COMPLEMENTAR',100,0,2),
('Análise e Model de Sis', 'PLANO DE ENSINO DA DISCIPLINA', 80, 'COMPETENCIAS DA DISCIPLINA','HABILIDADES DA DISCIPLINA', 'EMENTA DA DISCIPLINA', 'CONTEUDO DA DISCIPLINA', 'BIBLIOGRAFIA BÁSICA', 'BIBLIOGRAFIA COMPLEMENTAR',80,20,2),
('Engenharia de Requisitos', 'PLANO DE ENSINO DA DISCIPLINA', 80, 'COMPETENCIAS DA DISCIPLINA','HABILIDADES DA DISCIPLINA', 'EMENTA DA DISCIPLINA', 'CONTEUDO DA DISCIPLINA', 'BIBLIOGRAFIA BÁSICA', 'BIBLIOGRAFIA COMPLEMENTAR',100,0,2),
('Interface Homem-Computador', 'PLANO DE ENSINO DA DISCIPLINA', 40, 'COMPETENCIAS DA DISCIPLINA','HABILIDADES DA DISCIPLINA', 'EMENTA DA DISCIPLINA', 'CONTEUDO DA DISCIPLINA', 'BIBLIOGRAFIA BÁSICA', 'BIBLIOGRAFIA COMPLEMENTAR',50,50,2),
('Oficina Projeto Empresa 1', 'PLANO DE ENSINO DA DISCIPLINA', 80, 'COMPETENCIAS DA DISCIPLINA','HABILIDADES DA DISCIPLINA', 'EMENTA DA DISCIPLINA', 'CONTEUDO DA DISCIPLINA', 'BIBLIOGRAFIA BÁSICA', 'BIBLIOGRAFIA COMPLEMENTAR',100,0,2),
('Desenv para Disp Móveis', 'PLANO DE ENSINO DA DISCIPLINA', 80, 'COMPETENCIAS DA DISCIPLINA','HABILIDADES DA DISCIPLINA', 'EMENTA DA DISCIPLINA', 'CONTEUDO DA DISCIPLINA', 'BIBLIOGRAFIA BÁSICA', 'BIBLIOGRAFIA COMPLEMENTAR',30,70,2),
('Arquitetura e Projeto de Sis', 'PLANO DE ENSINO DA DISCIPLINA', 80, 'COMPETENCIAS DA DISCIPLINA','HABILIDADES DA DISCIPLINA', 'EMENTA DA DISCIPLINA', 'CONTEUDO DA DISCIPLINA', 'BIBLIOGRAFIA BÁSICA', 'BIBLIOGRAFIA COMPLEMENTAR',90,10,2),
('Desenv para IoT', 'PLANO DE ENSINO DA DISCIPLINA', 80, 'COMPETENCIAS DA DISCIPLINA','HABILIDADES DA DISCIPLINA', 'EMENTA DA DISCIPLINA', 'CONTEUDO DA DISCIPLINA', 'BIBLIOGRAFIA BÁSICA', 'BIBLIOGRAFIA COMPLEMENTAR',100,0,2),
('Qualidade de Software', 'PLANO DE ENSINO DA DISCIPLINA', 80, 'COMPETENCIAS DA DISCIPLINA','HABILIDADES DA DISCIPLINA', 'EMENTA DA DISCIPLINA', 'CONTEUDO DA DISCIPLINA', 'BIBLIOGRAFIA BÁSICA', 'BIBLIOGRAFIA COMPLEMENTAR',100,0,2),
('OPE2', 'PLANO DE ENSINO DA DISCIPLINA',80, 'COMPETENCIAS DA DISCIPLINA','HABILIDADES DA DISCIPLINA', 'EMENTA DA DISCIPLINA', 'CONTEUDO DA DISCIPLINA', 'BIBLIOGRAFIA BÁSICA', 'BIBLIOGRAFIA COMPLEMENTAR',100,0,2),
('Legislação e Ética', 'PLANO DE ENSINO DA DISCIPLINA', 40, 'COMPETENCIAS DA DISCIPLINA','HABILIDADES DA DISCIPLINA', 'EMENTA DA DISCIPLINA', 'CONTEUDO DA DISCIPLINA', 'BIBLIOGRAFIA BÁSICA', 'BIBLIOGRAFIA COMPLEMENTAR',0,100,2),

-- BANCO DE DADOS
('Developing Database', 'PLANO DE ENSINO DA DISCIPLINA', 80, 'COMPETENCIAS DA DISCIPLINA','HABILIDADES DA DISCIPLINA', 'EMENTA DA DISCIPLINA', 'CONTEUDO DA DISCIPLINA', 'BIBLIOGRAFIA BÁSICA', 'BIBLIOGRAFIA COMPLEMENTAR',90,10,2),
('Estrutura de Dados', 'PLANO DE ENSINO DA DISCIPLINA', 80, 'COMPETENCIAS DA DISCIPLINA','HABILIDADES DA DISCIPLINA', 'EMENTA DA DISCIPLINA', 'CONTEUDO DA DISCIPLINA', 'BIBLIOGRAFIA BÁSICA', 'BIBLIOGRAFIA COMPLEMENTAR',100,0,2),
('Data Analytics', 'PLANO DE ENSINO DA DISCIPLINA', 80, 'COMPETENCIAS DA DISCIPLINA','HABILIDADES DA DISCIPLINA', 'EMENTA DA DISCIPLINA', 'CONTEUDO DA DISCIPLINA', 'BIBLIOGRAFIA BÁSICA', 'BIBLIOGRAFIA COMPLEMENTAR',50,50,2),
('Adm de Banco de Dados', 'PLANO DE ENSINO DA DISCIPLINA', 80, 'COMPETENCIAS DA DISCIPLINA','HABILIDADES DA DISCIPLINA', 'EMENTA DA DISCIPLINA', 'CONTEUDO DA DISCIPLINA', 'BIBLIOGRAFIA BÁSICA', 'BIBLIOGRAFIA COMPLEMENTAR',100,0,2),
('Qualde de Governança de Dados', 'PLANO DE ENSINO DA DISCIPLINA', 80, 'COMPETENCIAS DA DISCIPLINA','HABILIDADES DA DISCIPLINA', 'EMENTA DA DISCIPLINA', 'CONTEUDO DA DISCIPLINA', 'BIBLIOGRAFIA BÁSICA', 'BIBLIOGRAFIA COMPLEMENTAR',90,10,2),
('Segurança de Banco de Dados', 'PLANO DE ENSINO DA DISCIPLINA', 80, 'COMPETENCIAS DA DISCIPLINA','HABILIDADES DA DISCIPLINA', 'EMENTA DA DISCIPLINA', 'CONTEUDO DA DISCIPLINA', 'BIBLIOGRAFIA BÁSICA', 'BIBLIOGRAFIA COMPLEMENTAR',70,30,2),
('Big Data', 'PLANO DE ENSINO DA DISCIPLINA', 80, 'COMPETENCIAS DA DISCIPLINA','HABILIDADES DA DISCIPLINA', 'EMENTA DA DISCIPLINA', 'CONTEUDO DA DISCIPLINA', 'BIBLIOGRAFIA BÁSICA', 'BIBLIOGRAFIA COMPLEMENTAR',50,50,2),
('Desenv de Sis', 'PLANO DE ENSINO DA DISCIPLINA', 80, 'COMPETENCIAS DA DISCIPLINA','HABILIDADES DA DISCIPLINA', 'EMENTA DA DISCIPLINA', 'CONTEUDO DA DISCIPLINA', 'BIBLIOGRAFIA BÁSICA', 'BIBLIOGRAFIA COMPLEMENTAR',50,50,2),

-- ENGENHARIA DA COMPUTAÇÃO
('Circuitos Dig e Eletic', 'PLANO DE ENSINO DA DISCIPLINA', 40, 'COMPETENCIAS DA DISCIPLINA','HABILIDADES DA DISCIPLINA', 'EMENTA DA DISCIPLINA', 'CONTEUDO DA DISCIPLINA', 'BIBLIOGRAFIA BÁSICA', 'BIBLIOGRAFIA COMPLEMENTAR',100,0,3),
('Matemática para Engenharia', 'PLANO DE ENSINO DA DISCIPLINA', 80, 'COMPETENCIAS DA DISCIPLINA','HABILIDADES DA DISCIPLINA', 'EMENTA DA DISCIPLINA', 'CONTEUDO DA DISCIPLINA', 'BIBLIOGRAFIA BÁSICA', 'BIBLIOGRAFIA COMPLEMENTAR',80,20,3),
('Banco de Dados', 'PLANO DE ENSINO DA DISCIPLINA', 80, 'COMPETENCIAS DA DISCIPLINA','HABILIDADES DA DISCIPLINA', 'EMENTA DA DISCIPLINA', 'CONTEUDO DA DISCIPLINA', 'BIBLIOGRAFIA BÁSICA', 'BIBLIOGRAFIA COMPLEMENTAR',50,50,3),
('Conceitos e Aplicações de Cálc', 'PLANO DE ENSINO DA DISCIPLINA', 80, 'COMPETENCIAS DA DISCIPLINA','HABILIDADES DA DISCIPLINA', 'EMENTA DA DISCIPLINA', 'CONTEUDO DA DISCIPLINA', 'BIBLIOGRAFIA BÁSICA', 'BIBLIOGRAFIA COMPLEMENTAR',80,20,3),
('Ciências do Ambiente', 'PLANO DE ENSINO DA DISCIPLINA', 80, 'COMPETENCIAS DA DISCIPLINA','HABILIDADES DA DISCIPLINA', 'EMENTA DA DISCIPLINA', 'CONTEUDO DA DISCIPLINA', 'BIBLIOGRAFIA BÁSICA', 'BIBLIOGRAFIA COMPLEMENTAR',80,20,3),
('Model e Simulação de Sis Físc', 'PLANO DE ENSINO DA DISCIPLINA', 80, 'COMPETENCIAS DA DISCIPLINA','HABILIDADES DA DISCIPLINA', 'EMENTA DA DISCIPLINA', 'CONTEUDO DA DISCIPLINA', 'BIBLIOGRAFIA BÁSICA', 'BIBLIOGRAFIA COMPLEMENTAR',70,30,3),
('Circuitos Elétricos', 'PLANO DE ENSINO DA DISCIPLINA', 80, 'COMPETENCIAS DA DISCIPLINA','HABILIDADES DA DISCIPLINA', 'EMENTA DA DISCIPLINA', 'CONTEUDO DA DISCIPLINA', 'BIBLIOGRAFIA BÁSICA', 'BIBLIOGRAFIA COMPLEMENTAR',80,20,3),
('Eletric e Magnetismo Aplic', 'PLANO DE ENSINO DA DISCIPLINA', 80, 'COMPETENCIAS DA DISCIPLINA','HABILIDADES DA DISCIPLINA', 'EMENTA DA DISCIPLINA', 'CONTEUDO DA DISCIPLINA', 'BIBLIOGRAFIA BÁSICA', 'BIBLIOGRAFIA COMPLEMENTAR',60,40,3),
('Matemática Discreta', 'PLANO DE ENSINO DA DISCIPLINA', 80, 'COMPETENCIAS DA DISCIPLINA','HABILIDADES DA DISCIPLINA', 'EMENTA DA DISCIPLINA', 'CONTEUDO DA DISCIPLINA', 'BIBLIOGRAFIA BÁSICA', 'BIBLIOGRAFIA COMPLEMENTAR',70,30,3),
('Otimização de Sis Line', 'PLANO DE ENSINO DA DISCIPLINA', 80, 'COMPETENCIAS DA DISCIPLINA','HABILIDADES DA DISCIPLINA', 'EMENTA DA DISCIPLINA', 'CONTEUDO DA DISCIPLINA', 'BIBLIOGRAFIA BÁSICA', 'BIBLIOGRAFIA COMPLEMENTAR',100,0,3),
('Análise Numérica', 'PLANO DE ENSINO DA DISCIPLINA', 40, 'COMPETENCIAS DA DISCIPLINA','HABILIDADES DA DISCIPLINA', 'EMENTA DA DISCIPLINA', 'CONTEUDO DA DISCIPLINA', 'BIBLIOGRAFIA BÁSICA', 'BIBLIOGRAFIA COMPLEMENTAR',80,20,3),
('Arq de Comp e Sis Opec', 'PLANO DE ENSINO DA DISCIPLINA', 80, 'COMPETENCIAS DA DISCIPLINA','HABILIDADES DA DISCIPLINA', 'EMENTA DA DISCIPLINA', 'CONTEUDO DA DISCIPLINA', 'BIBLIOGRAFIA BÁSICA', 'BIBLIOGRAFIA COMPLEMENTAR',10,90,3),
('Eletrônica Analógica e Dig', 'PLANO DE ENSINO DA DISCIPLINA', 80, 'COMPETENCIAS DA DISCIPLINA','HABILIDADES DA DISCIPLINA', 'EMENTA DA DISCIPLINA', 'CONTEUDO DA DISCIPLINA', 'BIBLIOGRAFIA BÁSICA', 'BIBLIOGRAFIA COMPLEMENTAR',100,0,3),
('Ling Formais e Autômatos', 'PLANO DE ENSINO DA DISCIPLINA', 80, 'COMPETENCIAS DA DISCIPLINA','HABILIDADES DA DISCIPLINA', 'EMENTA DA DISCIPLINA', 'CONTEUDO DA DISCIPLINA', 'BIBLIOGRAFIA BÁSICA', 'BIBLIOGRAFIA COMPLEMENTAR',50,50,3),
('Robôs Móveis Inteligentes', 'PLANO DE ENSINO DA DISCIPLINA', 80, 'COMPETENCIAS DA DISCIPLINA','HABILIDADES DA DISCIPLINA', 'EMENTA DA DISCIPLINA', 'CONTEUDO DA DISCIPLINA', 'BIBLIOGRAFIA BÁSICA', 'BIBLIOGRAFIA COMPLEMENTAR',100,0,3),
('Proces Dig de Sinais', 'PLANO DE ENSINO DA DISCIPLINA', 80, 'COMPETENCIAS DA DISCIPLINA','HABILIDADES DA DISCIPLINA', 'EMENTA DA DISCIPLINA', 'CONTEUDO DA DISCIPLINA', 'BIBLIOGRAFIA BÁSICA', 'BIBLIOGRAFIA COMPLEMENTAR',10,90,3),
('Compiladores', 'PLANO DE ENSINO DA DISCIPLINA', 80, 'COMPETENCIAS DA DISCIPLINA','HABILIDADES DA DISCIPLINA', 'EMENTA DA DISCIPLINA', 'CONTEUDO DA DISCIPLINA', 'BIBLIOGRAFIA BÁSICA', 'BIBLIOGRAFIA COMPLEMENTAR',60,40,3),
('Controle e Automação', 'PLANO DE ENSINO DA DISCIPLINA', 80, 'COMPETENCIAS DA DISCIPLINA','HABILIDADES DA DISCIPLINA', 'EMENTA DA DISCIPLINA', 'CONTEUDO DA DISCIPLINA', 'BIBLIOGRAFIA BÁSICA', 'BIBLIOGRAFIA COMPLEMENTAR',10,90,3),
('Gestão Ágil de Projetos', 'PLANO DE ENSINO DA DISCIPLINA', 80, 'COMPETENCIAS DA DISCIPLINA','HABILIDADES DA DISCIPLINA', 'EMENTA DA DISCIPLINA', 'CONTEUDO DA DISCIPLINA', 'BIBLIOGRAFIA BÁSICA', 'BIBLIOGRAFIA COMPLEMENTAR',10,90,3),
('Inteligência Artificial', 'PLANO DE ENSINO DA DISCIPLINA', 80, 'COMPETENCIAS DA DISCIPLINA','HABILIDADES DA DISCIPLINA', 'EMENTA DA DISCIPLINA', 'CONTEUDO DA DISCIPLINA', 'BIBLIOGRAFIA BÁSICA', 'BIBLIOGRAFIA COMPLEMENTAR',10,90,3),
('Sist Dist e Cloud Comp', 'PLANO DE ENSINO DA DISCIPLINA', 80, 'COMPETENCIAS DA DISCIPLINA','HABILIDADES DA DISCIPLINA', 'EMENTA DA DISCIPLINA', 'CONTEUDO DA DISCIPLINA', 'BIBLIOGRAFIA BÁSICA', 'BIBLIOGRAFIA COMPLEMENTAR',100,0,3),
('Economia para Engenharia', 'PLANO DE ENSINO DA DISCIPLINA', 80, 'COMPETENCIAS DA DISCIPLINA','HABILIDADES DA DISCIPLINA', 'EMENTA DA DISCIPLINA', 'CONTEUDO DA DISCIPLINA', 'BIBLIOGRAFIA BÁSICA', 'BIBLIOGRAFIA COMPLEMENTAR',100,0,3), 
('Segurança Cibernética', 'PLANO DE ENSINO DA DISCIPLINA', 80, 'COMPETENCIAS DA DISCIPLINA','HABILIDADES DA DISCIPLINA', 'EMENTA DA DISCIPLINA', 'CONTEUDO DA DISCIPLINA', 'BIBLIOGRAFIA BÁSICA', 'BIBLIOGRAFIA COMPLEMENTAR',100,0,3), 
('UX e Design Thinking', 'PLANO DE ENSINO DA DISCIPLINA', 80, 'COMPETENCIAS DA DISCIPLINA','HABILIDADES DA DISCIPLINA', 'EMENTA DA DISCIPLINA', 'CONTEUDO DA DISCIPLINA', 'BIBLIOGRAFIA BÁSICA', 'BIBLIOGRAFIA COMPLEMENTAR',100,0,3),
('Indústria 4.0', 'PLANO DE ENSINO DA DISCIPLINA', 40, 'COMPETENCIAS DA DISCIPLINA','HABILIDADES DA DISCIPLINA', 'EMENTA DA DISCIPLINA', 'CONTEUDO DA DISCIPLINA', 'BIBLIOGRAFIA BÁSICA', 'BIBLIOGRAFIA COMPLEMENTAR',100,0,3),
('Proj de Sis Emb', 'PLANO DE ENSINO DA DISCIPLINA', 80, 'COMPETENCIAS DA DISCIPLINA','HABILIDADES DA DISCIPLINA', 'EMENTA DA DISCIPLINA', 'CONTEUDO DA DISCIPLINA', 'BIBLIOGRAFIA BÁSICA', 'BIBLIOGRAFIA COMPLEMENTAR',100,0,3),
('Sistemas Tolerantes a Falhas', 'PLANO DE ENSINO DA DISCIPLINA', 80, 'COMPETENCIAS DA DISCIPLINA','HABILIDADES DA DISCIPLINA', 'EMENTA DA DISCIPLINA', 'CONTEUDO DA DISCIPLINA', 'BIBLIOGRAFIA BÁSICA', 'BIBLIOGRAFIA COMPLEMENTAR',100,0,3),
('Tópc Espec em Tendências Tec', 'PLANO DE ENSINO DA DISCIPLINA', 80, 'COMPETENCIAS DA DISCIPLINA','HABILIDADES DA DISCIPLINA', 'EMENTA DA DISCIPLINA', 'CONTEUDO DA DISCIPLINA', 'BIBLIOGRAFIA BÁSICA', 'BIBLIOGRAFIA COMPLEMENTAR',100,0,3),

-- GESTÃO DA TECNOLOGIA DA INFORMAÇÃO
('Inteligência de Negócios', 'PLANO DE ENSINO DA DISCIPLINA', 80, 'COMPETENCIAS DA DISCIPLINA','HABILIDADES DA DISCIPLINA', 'EMENTA DA DISCIPLINA', 'CONTEUDO DA DISCIPLINA', 'BIBLIOGRAFIA BÁSICA', 'BIBLIOGRAFIA COMPLEMENTAR',100,0,4),
('Gestão Estratégica de TI', 'PLANO DE ENSINO DA DISCIPLINA', 80, 'COMPETENCIAS DA DISCIPLINA','HABILIDADES DA DISCIPLINA', 'EMENTA DA DISCIPLINA', 'CONTEUDO DA DISCIPLINA', 'BIBLIOGRAFIA BÁSICA', 'BIBLIOGRAFIA COMPLEMENTAR',100,0,4),
('Gestão de Infra de TI', 'PLANO DE ENSINO DA DISCIPLINA', 80, 'COMPETENCIAS DA DISCIPLINA','HABILIDADES DA DISCIPLINA', 'EMENTA DA DISCIPLINA', 'CONTEUDO DA DISCIPLINA', 'BIBLIOGRAFIA BÁSICA', 'BIBLIOGRAFIA COMPLEMENTAR',100,0,4),
('Gestão da Seg de Info', 'PLANO DE ENSINO DA DISCIPLINA', 80, 'COMPETENCIAS DA DISCIPLINA','HABILIDADES DA DISCIPLINA', 'EMENTA DA DISCIPLINA', 'CONTEUDO DA DISCIPLINA', 'BIBLIOGRAFIA BÁSICA', 'BIBLIOGRAFIA COMPLEMENTAR',100,0,4),
('Gestão da Qualidade', 'PLANO DE ENSINO DA DISCIPLINA', 80, 'COMPETENCIAS DA DISCIPLINA','HABILIDADES DA DISCIPLINA', 'EMENTA DA DISCIPLINA', 'CONTEUDO DA DISCIPLINA', 'BIBLIOGRAFIA BÁSICA', 'BIBLIOGRAFIA COMPLEMENTAR',100,0,4),

-- JOGOS DIGITAIS
('Desenho e Concept Art para Jog', 'PLANO DE ENSINO DA DISCIPLINA', 80, 'COMPETENCIAS DA DISCIPLINA','HABILIDADES DA DISCIPLINA', 'EMENTA DA DISCIPLINA', 'CONTEUDO DA DISCIPLINA', 'BIBLIOGRAFIA BÁSICA', 'BIBLIOGRAFIA COMPLEMENTAR',100,0,5),
('Design de Jogos I', 'PLANO DE ENSINO DA DISCIPLINA', 80, 'COMPETENCIAS DA DISCIPLINA','HABILIDADES DA DISCIPLINA', 'EMENTA DA DISCIPLINA', 'CONTEUDO DA DISCIPLINA', 'BIBLIOGRAFIA BÁSICA', 'BIBLIOGRAFIA COMPLEMENTAR',100,0,5),
('Empreendedorismo', 'PLANO DE ENSINO DA DISCIPLINA', 80, 'COMPETENCIAS DA DISCIPLINA','HABILIDADES DA DISCIPLINA', 'EMENTA DA DISCIPLINA', 'CONTEUDO DA DISCIPLINA', 'BIBLIOGRAFIA BÁSICA', 'BIBLIOGRAFIA COMPLEMENTAR',100,0,5),
('Intro à Progm para Jog Dig', 'PLANO DE ENSINO DA DISCIPLINA', 80, 'COMPETENCIAS DA DISCIPLINA','HABILIDADES DA DISCIPLINA', 'EMENTA DA DISCIPLINA', 'CONTEUDO DA DISCIPLINA', 'BIBLIOGRAFIA BÁSICA', 'BIBLIOGRAFIA COMPLEMENTAR',100,0,5), 
('Intro aos Jog Dig', 'PLANO DE ENSINO DA DISCIPLINA', 80, 'COMPETENCIAS DA DISCIPLINA','HABILIDADES DA DISCIPLINA', 'EMENTA DA DISCIPLINA', 'CONTEUDO DA DISCIPLINA', 'BIBLIOGRAFIA BÁSICA', 'BIBLIOGRAFIA COMPLEMENTAR',100,0,5), 
('Arte 2D para Jogos Digitais', 'PLANO DE ENSINO DA DISCIPLINA', 80, 'COMPETENCIAS DA DISCIPLINA','HABILIDADES DA DISCIPLINA', 'EMENTA DA DISCIPLINA', 'CONTEUDO DA DISCIPLINA', 'BIBLIOGRAFIA BÁSICA', 'BIBLIOGRAFIA COMPLEMENTAR',100,0,5), 
('Amb de Desenv de Jog Dig', 'PLANO DE ENSINO DA DISCIPLINA', 80, 'COMPETENCIAS DA DISCIPLINA','HABILIDADES DA DISCIPLINA', 'EMENTA DA DISCIPLINA', 'CONTEUDO DA DISCIPLINA', 'BIBLIOGRAFIA BÁSICA', 'BIBLIOGRAFIA COMPLEMENTAR',100,0,5), 
('Arte 3D para Jogos Digitais', 'PLANO DE ENSINO DA DISCIPLINA', 80, 'COMPETENCIAS DA DISCIPLINA','HABILIDADES DA DISCIPLINA', 'EMENTA DA DISCIPLINA', 'CONTEUDO DA DISCIPLINA', 'BIBLIOGRAFIA BÁSICA', 'BIBLIOGRAFIA COMPLEMENTAR',100,0,5), 
('Design de Jogos II', 'PLANO DE ENSINO DA DISCIPLINA', 80, 'COMPETENCIAS DA DISCIPLINA','HABILIDADES DA DISCIPLINA', 'EMENTA DA DISCIPLINA', 'CONTEUDO DA DISCIPLINA', 'BIBLIOGRAFIA BÁSICA', 'BIBLIOGRAFIA COMPLEMENTAR',100,0,5),
('Progm para Jog Dig I', 'PLANO DE ENSINO DA DISCIPLINA', 40, 'COMPETENCIAS DA DISCIPLINA','HABILIDADES DA DISCIPLINA', 'EMENTA DA DISCIPLINA', 'CONTEUDO DA DISCIPLINA', 'BIBLIOGRAFIA BÁSICA', 'BIBLIOGRAFIA COMPLEMENTAR',100,0,5), 
('Proc de Prod de Jog Dig', 'PLANO DE ENSINO DA DISCIPLINA', 80, 'COMPETENCIAS DA DISCIPLINA','HABILIDADES DA DISCIPLINA', 'EMENTA DA DISCIPLINA', 'CONTEUDO DA DISCIPLINA', 'BIBLIOGRAFIA BÁSICA', 'BIBLIOGRAFIA COMPLEMENTAR',100,0,5),
('Game Level Design', 'PLANO DE ENSINO DA DISCIPLINA', 40, 'COMPETENCIAS DA DISCIPLINA','HABILIDADES DA DISCIPLINA', 'EMENTA DA DISCIPLINA', 'CONTEUDO DA DISCIPLINA', 'BIBLIOGRAFIA BÁSICA', 'BIBLIOGRAFIA COMPLEMENTAR',100,0,5),
('Design de Perso para Jog Dig', 'PLANO DE ENSINO DA DISCIPLINA', 80, 'COMPETENCIAS DA DISCIPLINA','HABILIDADES DA DISCIPLINA', 'EMENTA DA DISCIPLINA', 'CONTEUDO DA DISCIPLINA', 'BIBLIOGRAFIA BÁSICA', 'BIBLIOGRAFIA COMPLEMENTAR',100,0,5),
('Jog Digitais para Web', 'PLANO DE ENSINO DA DISCIPLINA', 80, 'COMPETENCIAS DA DISCIPLINA','HABILIDADES DA DISCIPLINA', 'EMENTA DA DISCIPLINA', 'CONTEUDO DA DISCIPLINA', 'BIBLIOGRAFIA BÁSICA', 'BIBLIOGRAFIA COMPLEMENTAR',100,0,5),
('Progm para Jogos Digitais II', 'PLANO DE ENSINO DA DISCIPLINA', 80, 'COMPETENCIAS DA DISCIPLINA','HABILIDADES DA DISCIPLINA', 'EMENTA DA DISCIPLINA', 'CONTEUDO DA DISCIPLINA', 'BIBLIOGRAFIA BÁSICA', 'BIBLIOGRAFIA COMPLEMENTAR',100,0,5),
('Roter e SB para Jog Dig', 'PLANO DE ENSINO DA DISCIPLINA', 80, 'COMPETENCIAS DA DISCIPLINA','HABILIDADES DA DISCIPLINA', 'EMENTA DA DISCIPLINA', 'CONTEUDO DA DISCIPLINA', 'BIBLIOGRAFIA BÁSICA', 'BIBLIOGRAFIA COMPLEMENTAR',100,0,5),
('Interf para Jogos Digitais', 'PLANO DE ENSINO DA DISCIPLINA', 40, 'COMPETENCIAS DA DISCIPLINA','HABILIDADES DA DISCIPLINA', 'EMENTA DA DISCIPLINA', 'CONTEUDO DA DISCIPLINA', 'BIBLIOGRAFIA BÁSICA', 'BIBLIOGRAFIA COMPLEMENTAR',100,0,5),
('Anima ÁU e VI para Jog Dig', 'PLANO DE ENSINO DA DISCIPLINA', 80, 'COMPETENCIAS DA DISCIPLINA','HABILIDADES DA DISCIPLINA', 'EMENTA DA DISCIPLINA', 'CONTEUDO DA DISCIPLINA', 'BIBLIOGRAFIA BÁSICA', 'BIBLIOGRAFIA COMPLEMENTAR',100,0,5),
('Estudos Comp em Jog Dig', 'PLANO DE ENSINO DA DISCIPLINA', 80, 'COMPETENCIAS DA DISCIPLINA','HABILIDADES DA DISCIPLINA', 'EMENTA DA DISCIPLINA', 'CONTEUDO DA DISCIPLINA', 'BIBLIOGRAFIA BÁSICA', 'BIBLIOGRAFIA COMPLEMENTAR',100,0,5),
('Jog Dig para Disp Móveis', 'PLANO DE ENSINO DA DISCIPLINA', 80, 'COMPETENCIAS DA DISCIPLINA','HABILIDADES DA DISCIPLINA', 'EMENTA DA DISCIPLINA', 'CONTEUDO DA DISCIPLINA', 'BIBLIOGRAFIA BÁSICA', 'BIBLIOGRAFIA COMPLEMENTAR',100,0,5),
('Mark para Jogos Dig', 'PLANO DE ENSINO DA DISCIPLINA', 80, 'COMPETENCIAS DA DISCIPLINA','HABILIDADES DA DISCIPLINA', 'EMENTA DA DISCIPLINA', 'CONTEUDO DA DISCIPLINA', 'BIBLIOGRAFIA BÁSICA', 'BIBLIOGRAFIA COMPLEMENTAR',100,0,5),
('Qualde e Test para Jogos Dig', 'PLANO DE ENSINO DA DISCIPLINA', 80, 'COMPETENCIAS DA DISCIPLINA','HABILIDADES DA DISCIPLINA', 'EMENTA DA DISCIPLINA', 'CONTEUDO DA DISCIPLINA', 'BIBLIOGRAFIA BÁSICA', 'BIBLIOGRAFIA COMPLEMENTAR',100,0,5),

-- PROCESSOS GERENCIAIS
('Modelos de Neg e Empree', 'PLANO DE ENSINO DA DISCIPLINA', 80, 'COMPETENCIAS DA DISCIPLINA','HABILIDADES DA DISCIPLINA', 'EMENTA DA DISCIPLINA', 'CONTEUDO DA DISCIPLINA', 'BIBLIOGRAFIA BÁSICA', 'BIBLIOGRAFIA COMPLEMENTAR',100,0,1),
('Fundamentos de Sis Operc', 'PLANO DE ENSINO DA DISCIPLINA', 40, 'COMPETENCIAS DA DISCIPLINA','HABILIDADES DA DISCIPLINA', 'EMENTA DA DISCIPLINA', 'CONTEUDO DA DISCIPLINA', 'BIBLIOGRAFIA BÁSICA', 'BIBLIOGRAFIA COMPLEMENTAR',90,10,1),
('Comp Org', 'PLANO DE ENSINO DA DISCIPLINA', 40, 'COMPETENCIAS DA DISCIPLINA','HABILIDADES DA DISCIPLINA', 'EMENTA DA DISCIPLINA', 'CONTEUDO DA DISCIPLINA', 'BIBLIOGRAFIA BÁSICA', 'BIBLIOGRAFIA COMPLEMENTAR',70,30,1),
('Contabilidade Gerencial', 'PLANO DE ENSINO DA DISCIPLINA', 40, 'COMPETENCIAS DA DISCIPLINA','HABILIDADES DA DISCIPLINA', 'EMENTA DA DISCIPLINA', 'CONTEUDO DA DISCIPLINA', 'BIBLIOGRAFIA BÁSICA', 'BIBLIOGRAFIA COMPLEMENTAR',90,10,1),


-- PRODUÇÃO MULTIMIDIA
('Teoria da Cor', 'PLANO DE ENSINO DA DISCIPLINA', 80, 'COMPETENCIAS DA DISCIPLINA','HABILIDADES DA DISCIPLINA', 'EMENTA DA DISCIPLINA', 'CONTEUDO DA DISCIPLINA', 'BIBLIOGRAFIA BÁSICA', 'BIBLIOGRAFIA COMPLEMENTAR',90,10,6),
('Filosofia', 'PLANO DE ENSINO DA DISCIPLINA', 40, 'COMPETENCIAS DA DISCIPLINA','HABILIDADES DA DISCIPLINA', 'EMENTA DA DISCIPLINA', 'CONTEUDO DA DISCIPLINA', 'BIBLIOGRAFIA BÁSICA', 'BIBLIOGRAFIA COMPLEMENTAR',90,10,6),
('Processo Criativo', 'PLANO DE ENSINO DA DISCIPLINA', 80, 'COMPETENCIAS DA DISCIPLINA','HABILIDADES DA DISCIPLINA', 'EMENTA DA DISCIPLINA', 'CONTEUDO DA DISCIPLINA', 'BIBLIOGRAFIA BÁSICA', 'BIBLIOGRAFIA COMPLEMENTAR',90,10,6),
('Storytelling', 'PLANO DE ENSINO DA DISCIPLINA', 80, 'COMPETENCIAS DA DISCIPLINA','HABILIDADES DA DISCIPLINA', 'EMENTA DA DISCIPLINA', 'CONTEUDO DA DISCIPLINA', 'BIBLIOGRAFIA BÁSICA', 'BIBLIOGRAFIA COMPLEMENTAR',90,10,6),
('Tipografia', 'PLANO DE ENSINO DA DISCIPLINA', 80, 'COMPETENCIAS DA DISCIPLINA','HABILIDADES DA DISCIPLINA', 'EMENTA DA DISCIPLINA', 'CONTEUDO DA DISCIPLINA', 'BIBLIOGRAFIA BÁSICA', 'BIBLIOGRAFIA COMPLEMENTAR',90,10,6),
('Comp Gráfica', 'PLANO DE ENSINO DA DISCIPLINA', 80, 'COMPETENCIAS DA DISCIPLINA','HABILIDADES DA DISCIPLINA', 'EMENTA DA DISCIPLINA', 'CONTEUDO DA DISCIPLINA', 'BIBLIOGRAFIA BÁSICA', 'BIBLIOGRAFIA COMPLEMENTAR',90,10,6),
('Fotografia Dig', 'PLANO DE ENSINO DA DISCIPLINA', 80, 'COMPETENCIAS DA DISCIPLINA','HABILIDADES DA DISCIPLINA', 'EMENTA DA DISCIPLINA', 'CONTEUDO DA DISCIPLINA', 'BIBLIOGRAFIA BÁSICA', 'BIBLIOGRAFIA COMPLEMENTAR',90,10,6),
('Gamificação', 'PLANO DE ENSINO DA DISCIPLINA', 80, 'COMPETENCIAS DA DISCIPLINA','HABILIDADES DA DISCIPLINA', 'EMENTA DA DISCIPLINA', 'CONTEUDO DA DISCIPLINA', 'BIBLIOGRAFIA BÁSICA', 'BIBLIOGRAFIA COMPLEMENTAR',90,10,6),
('Novas Mídias', 'PLANO DE ENSINO DA DISCIPLINA', 80, 'COMPETENCIAS DA DISCIPLINA','HABILIDADES DA DISCIPLINA', 'EMENTA DA DISCIPLINA', 'CONTEUDO DA DISCIPLINA', 'BIBLIOGRAFIA BÁSICA', 'BIBLIOGRAFIA COMPLEMENTAR',90,10,6),
('Mark Dig e Mídias Soc', 'PLANO DE ENSINO DA DISCIPLINA', 80, 'COMPETENCIAS DA DISCIPLINA','HABILIDADES DA DISCIPLINA', 'EMENTA DA DISCIPLINA', 'CONTEUDO DA DISCIPLINA', 'BIBLIOGRAFIA BÁSICA', 'BIBLIOGRAFIA COMPLEMENTAR',90,10,6),
('OPE3', 'PLANO DE ENSINO DA DISCIPLINA', 80, 'COMPETENCIAS DA DISCIPLINA','HABILIDADES DA DISCIPLINA', 'EMENTA DA DISCIPLINA', 'CONTEUDO DA DISCIPLINA', 'BIBLIOGRAFIA BÁSICA', 'BIBLIOGRAFIA COMPLEMENTAR',90,10,6),
('Criação e Prod Web', 'PLANO DE ENSINO DA DISCIPLINA', 40, 'COMPETENCIAS DA DISCIPLINA','HABILIDADES DA DISCIPLINA', 'EMENTA DA DISCIPLINA', 'CONTEUDO DA DISCIPLINA', 'BIBLIOGRAFIA BÁSICA', 'BIBLIOGRAFIA COMPLEMENTAR',90,10,6),
('Design de Info', 'PLANO DE ENSINO DA DISCIPLINA', 80, 'COMPETENCIAS DA DISCIPLINA','HABILIDADES DA DISCIPLINA', 'EMENTA DA DISCIPLINA', 'CONTEUDO DA DISCIPLINA', 'BIBLIOGRAFIA BÁSICA', 'BIBLIOGRAFIA COMPLEMENTAR',90,10,6),
('Direção de Arte', 'PLANO DE ENSINO DA DISCIPLINA', 80, 'COMPETENCIAS DA DISCIPLINA','HABILIDADES DA DISCIPLINA', 'EMENTA DA DISCIPLINA', 'CONTEUDO DA DISCIPLINA', 'BIBLIOGRAFIA BÁSICA', 'BIBLIOGRAFIA COMPLEMENTAR',90,10,6),
('Modelagem 3D', 'PLANO DE ENSINO DA DISCIPLINA', 80, 'COMPETENCIAS DA DISCIPLINA','HABILIDADES DA DISCIPLINA', 'EMENTA DA DISCIPLINA', 'CONTEUDO DA DISCIPLINA', 'BIBLIOGRAFIA BÁSICA', 'BIBLIOGRAFIA COMPLEMENTAR',90,10,6),
('Produção Audiovisual', 'PLANO DE ENSINO DA DISCIPLINA', 40, 'COMPETENCIAS DA DISCIPLINA','HABILIDADES DA DISCIPLINA', 'EMENTA DA DISCIPLINA', 'CONTEUDO DA DISCIPLINA', 'BIBLIOGRAFIA BÁSICA', 'BIBLIOGRAFIA COMPLEMENTAR',90,10,6),
('Semiótica', 'PLANO DE ENSINO DA DISCIPLINA', 80, 'COMPETENCIAS DA DISCIPLINA','HABILIDADES DA DISCIPLINA', 'EMENTA DA DISCIPLINA', 'CONTEUDO DA DISCIPLINA', 'BIBLIOGRAFIA BÁSICA', 'BIBLIOGRAFIA COMPLEMENTAR',90,10,6),
('Apk Mobile', 'PLANO DE ENSINO DA DISCIPLINA', 80, 'COMPETENCIAS DA DISCIPLINA','HABILIDADES DA DISCIPLINA', 'EMENTA DA DISCIPLINA', 'CONTEUDO DA DISCIPLINA', 'BIBLIOGRAFIA BÁSICA', 'BIBLIOGRAFIA COMPLEMENTAR',90,10,6),
('Cibercultura', 'PLANO DE ENSINO DA DISCIPLINA', 80, 'COMPETENCIAS DA DISCIPLINA','HABILIDADES DA DISCIPLINA', 'EMENTA DA DISCIPLINA', 'CONTEUDO DA DISCIPLINA', 'BIBLIOGRAFIA BÁSICA', 'BIBLIOGRAFIA COMPLEMENTAR',90,10,6),
('Ling Sonora', 'PLANO DE ENSINO DA DISCIPLINA', 80, 'COMPETENCIAS DA DISCIPLINA','HABILIDADES DA DISCIPLINA', 'EMENTA DA DISCIPLINA', 'CONTEUDO DA DISCIPLINA', 'BIBLIOGRAFIA BÁSICA', 'BIBLIOGRAFIA COMPLEMENTAR',90,10,6),
('Efeitos Especiais', 'PLANO DE ENSINO DA DISCIPLINA', 80, 'COMPETENCIAS DA DISCIPLINA','HABILIDADES DA DISCIPLINA', 'EMENTA DA DISCIPLINA', 'CONTEUDO DA DISCIPLINA', 'BIBLIOGRAFIA BÁSICA', 'BIBLIOGRAFIA COMPLEMENTAR',90,10,6),
('OPE', 'PLANO DE ENSINO DA DISCIPLINA', 80, 'COMPETENCIAS DA DISCIPLINA','HABILIDADES DA DISCIPLINA', 'EMENTA DA DISCIPLINA', 'CONTEUDO DA DISCIPLINA', 'BIBLIOGRAFIA BÁSICA', 'BIBLIOGRAFIA COMPLEMENTAR',90,10,6),

-- REDES DE COMPUTADORES
('Adm de Red e Sis', 'PLANO DE ENSINO DA DISCIPLINA', 80, 'COMPETENCIAS DA DISCIPLINA','HABILIDADES DA DISCIPLINA', 'EMENTA DA DISCIPLINA', 'CONTEUDO DA DISCIPLINA', 'BIBLIOGRAFIA BÁSICA', 'BIBLIOGRAFIA COMPLEMENTAR',90,10,3),
('Arq. de Red de Comp', 'PLANO DE ENSINO DA DISCIPLINA', 80, 'COMPETENCIAS DA DISCIPLINA','HABILIDADES DA DISCIPLINA', 'EMENTA DA DISCIPLINA', 'CONTEUDO DA DISCIPLINA', 'BIBLIOGRAFIA BÁSICA', 'BIBLIOGRAFIA COMPLEMENTAR',90,10,3),
('Cabea Estruturado', 'PLANO DE ENSINO DA DISCIPLINA', 40, 'COMPETENCIAS DA DISCIPLINA','HABILIDADES DA DISCIPLINA', 'EMENTA DA DISCIPLINA', 'CONTEUDO DA DISCIPLINA', 'BIBLIOGRAFIA BÁSICA', 'BIBLIOGRAFIA COMPLEMENTAR',90,10,3),
('Progm para Redes', 'PLANO DE ENSINO DA DISCIPLINA', 80, 'COMPETENCIAS DA DISCIPLINA','HABILIDADES DA DISCIPLINA', 'EMENTA DA DISCIPLINA', 'CONTEUDO DA DISCIPLINA', 'BIBLIOGRAFIA BÁSICA', 'BIBLIOGRAFIA COMPLEMENTAR',90,10,3),
('Adm de Redes e Sis Operc. Liv', 'PLANO DE ENSINO DA DISCIPLINA', 40, 'COMPETENCIAS DA DISCIPLINA','HABILIDADES DA DISCIPLINA', 'EMENTA DA DISCIPLINA', 'CONTEUDO DA DISCIPLINA', 'BIBLIOGRAFIA BÁSICA', 'BIBLIOGRAFIA COMPLEMENTAR',90,10,3),
('Redes de Longa Distância', 'PLANO DE ENSINO DA DISCIPLINA', 80, 'COMPETENCIAS DA DISCIPLINA','HABILIDADES DA DISCIPLINA', 'EMENTA DA DISCIPLINA', 'CONTEUDO DA DISCIPLINA', 'BIBLIOGRAFIA BÁSICA', 'BIBLIOGRAFIA COMPLEMENTAR',90,10,3),
('Routing', 'PLANO DE ENSINO DA DISCIPLINA', 80, 'COMPETENCIAS DA DISCIPLINA','HABILIDADES DA DISCIPLINA', 'EMENTA DA DISCIPLINA', 'CONTEUDO DA DISCIPLINA', 'BIBLIOGRAFIA BÁSICA', 'BIBLIOGRAFIA COMPLEMENTAR',90,10,3),
('Seg em Redes e Infra.', 'PLANO DE ENSINO DA DISCIPLINA', 80, 'COMPETENCIAS DA DISCIPLINA','HABILIDADES DA DISCIPLINA', 'EMENTA DA DISCIPLINA', 'CONTEUDO DA DISCIPLINA', 'BIBLIOGRAFIA BÁSICA', 'BIBLIOGRAFIA COMPLEMENTAR',90,10,3),
('Gestão de TI', 'PLANO DE ENSINO DA DISCIPLINA', 80, 'COMPETENCIAS DA DISCIPLINA','HABILIDADES DA DISCIPLINA', 'EMENTA DA DISCIPLINA', 'CONTEUDO DA DISCIPLINA', 'BIBLIOGRAFIA BÁSICA', 'BIBLIOGRAFIA COMPLEMENTAR',90,10,3),
('Comunicação de Dados', 'PLANO DE ENSINO DA DISCIPLINA', 80, 'COMPETENCIAS DA DISCIPLINA','HABILIDADES DA DISCIPLINA', 'EMENTA DA DISCIPLINA', 'CONTEUDO DA DISCIPLINA', 'BIBLIOGRAFIA BÁSICA', 'BIBLIOGRAFIA COMPLEMENTAR',90,10,3),
('Diag. e Geren. de Redes', 'PLANO DE ENSINO DA DISCIPLINA', 80, 'COMPETENCIAS DA DISCIPLINA','HABILIDADES DA DISCIPLINA', 'EMENTA DA DISCIPLINA', 'CONTEUDO DA DISCIPLINA', 'BIBLIOGRAFIA BÁSICA', 'BIBLIOGRAFIA COMPLEMENTAR',90,10,3),
('Redes Convergentes', 'PLANO DE ENSINO DA DISCIPLINA', 80, 'COMPETENCIAS DA DISCIPLINA','HABILIDADES DA DISCIPLINA', 'EMENTA DA DISCIPLINA', 'CONTEUDO DA DISCIPLINA', 'BIBLIOGRAFIA BÁSICA', 'BIBLIOGRAFIA COMPLEMENTAR',90,10,3),
('Segurança em Sistemas', 'PLANO DE ENSINO DA DISCIPLINA', 80, 'COMPETENCIAS DA DISCIPLINA','HABILIDADES DA DISCIPLINA', 'EMENTA DA DISCIPLINA', 'CONTEUDO DA DISCIPLINA', 'BIBLIOGRAFIA BÁSICA', 'BIBLIOGRAFIA COMPLEMENTAR',90,10,3),
('Switching', 'PLANO DE ENSINO DA DISCIPLINA', 40, 'COMPETENCIAS DA DISCIPLINA','HABILIDADES DA DISCIPLINA', 'EMENTA DA DISCIPLINA', 'CONTEUDO DA DISCIPLINA', 'BIBLIOGRAFIA BÁSICA', 'BIBLIOGRAFIA COMPLEMENTAR',90,10,3),
('Computação em Nuvem', 'PLANO DE ENSINO DA DISCIPLINA', 80, 'COMPETENCIAS DA DISCIPLINA','HABILIDADES DA DISCIPLINA', 'EMENTA DA DISCIPLINA', 'CONTEUDO DA DISCIPLINA', 'BIBLIOGRAFIA BÁSICA', 'BIBLIOGRAFIA COMPLEMENTAR',90,10,3),
('Comunicações Móveis', 'PLANO DE ENSINO DA DISCIPLINA', 80, 'COMPETENCIAS DA DISCIPLINA','HABILIDADES DA DISCIPLINA', 'EMENTA DA DISCIPLINA', 'CONTEUDO DA DISCIPLINA', 'BIBLIOGRAFIA BÁSICA', 'BIBLIOGRAFIA COMPLEMENTAR',90,10,3),
('Auditoria e Controle de TI', 'PLANO DE ENSINO DA DISCIPLINA', 80, 'COMPETENCIAS DA DISCIPLINA','HABILIDADES DA DISCIPLINA', 'EMENTA DA DISCIPLINA', 'CONTEUDO DA DISCIPLINA', 'BIBLIOGRAFIA BÁSICA', 'BIBLIOGRAFIA COMPLEMENTAR',90,10,3),
('Redes IPV6', 'PLANO DE ENSINO DA DISCIPLINA', 40, 'COMPETENCIAS DA DISCIPLINA','HABILIDADES DA DISCIPLINA', 'EMENTA DA DISCIPLINA', 'CONTEUDO DA DISCIPLINA', 'BIBLIOGRAFIA BÁSICA', 'BIBLIOGRAFIA COMPLEMENTAR',90,10,3),
('Serv. de Redes de Comp.', 'PLANO DE ENSINO DA DISCIPLINA', 80, 'COMPETENCIAS DA DISCIPLINA','HABILIDADES DA DISCIPLINA', 'EMENTA DA DISCIPLINA', 'CONTEUDO DA DISCIPLINA', 'BIBLIOGRAFIA BÁSICA', 'BIBLIOGRAFIA COMPLEMENTAR',90,10,3),
('Tópicos Esp em Redes de Comp.', 'PLANO DE ENSINO DA DISCIPLINA', 80, 'COMPETENCIAS DA DISCIPLINA','HABILIDADES DA DISCIPLINA', 'EMENTA DA DISCIPLINA', 'CONTEUDO DA DISCIPLINA', 'BIBLIOGRAFIA BÁSICA', 'BIBLIOGRAFIA COMPLEMENTAR',90,10,3),

-- SISTEMAS DE INFORMAÇÃO
('Business Agility', 'PLANO DE ENSINO DA DISCIPLINA', 80, 'COMPETENCIAS DA DISCIPLINA','HABILIDADES DA DISCIPLINA', 'EMENTA DA DISCIPLINA', 'CONTEUDO DA DISCIPLINA', 'BIBLIOGRAFIA BÁSICA', 'BIBLIOGRAFIA COMPLEMENTAR',90,10,4),
('Desv. de Sis. de Informação', 'PLANO DE ENSINO DA DISCIPLINA', 80, 'COMPETENCIAS DA DISCIPLINA','HABILIDADES DA DISCIPLINA', 'EMENTA DA DISCIPLINA', 'CONTEUDO DA DISCIPLINA', 'BIBLIOGRAFIA BÁSICA', 'BIBLIOGRAFIA COMPLEMENTAR',90,10,4),
('Teoria da Computação', 'PLANO DE ENSINO DA DISCIPLINA', 80, 'COMPETENCIAS DA DISCIPLINA','HABILIDADES DA DISCIPLINA', 'EMENTA DA DISCIPLINA', 'CONTEUDO DA DISCIPLINA', 'BIBLIOGRAFIA BÁSICA', 'BIBLIOGRAFIA COMPLEMENTAR',90,10,4),
('Integração e Desv Sis', 'PLANO DE ENSINO DA DISCIPLINA', 80, 'COMPETENCIAS DA DISCIPLINA','HABILIDADES DA DISCIPLINA', 'EMENTA DA DISCIPLINA', 'CONTEUDO DA DISCIPLINA', 'BIBLIOGRAFIA BÁSICA', 'BIBLIOGRAFIA COMPLEMENTAR',90,10,4),
('Business Intelligence', 'PLANO DE ENSINO DA DISCIPLINA', 40, 'COMPETENCIAS DA DISCIPLINA','HABILIDADES DA DISCIPLINA', 'EMENTA DA DISCIPLINA', 'CONTEUDO DA DISCIPLINA', 'BIBLIOGRAFIA BÁSICA', 'BIBLIOGRAFIA COMPLEMENTAR',90,10,4),
('Segurança e Auditoria de Sis', 'PLANO DE ENSINO DA DISCIPLINA', 80, 'COMPETENCIAS DA DISCIPLINA','HABILIDADES DA DISCIPLINA', 'EMENTA DA DISCIPLINA', 'CONTEUDO DA DISCIPLINA', 'BIBLIOGRAFIA BÁSICA', 'BIBLIOGRAFIA COMPLEMENTAR',90,10,4),
('Computação Cognitiva', 'PLANO DE ENSINO DA DISCIPLINA', 80, 'COMPETENCIAS DA DISCIPLINA','HABILIDADES DA DISCIPLINA', 'EMENTA DA DISCIPLINA', 'CONTEUDO DA DISCIPLINA', 'BIBLIOGRAFIA BÁSICA', 'BIBLIOGRAFIA COMPLEMENTAR',90,10,4),
('Governança de TI', 'PLANO DE ENSINO DA DISCIPLINA', 40, 'COMPETENCIAS DA DISCIPLINA','HABILIDADES DA DISCIPLINA', 'EMENTA DA DISCIPLINA', 'CONTEUDO DA DISCIPLINA', 'BIBLIOGRAFIA BÁSICA', 'BIBLIOGRAFIA COMPLEMENTAR',90,10,4),
('Gestão de projetos-EAD', 'PLANO DE ENSINO DA DISCIPLINA', 80, 'COMPETENCIAS DA DISCIPLINA','HABILIDADES DA DISCIPLINA', 'EMENTA DA DISCIPLINA', 'CONTEUDO DA DISCIPLINA', 'BIBLIOGRAFIA BÁSICA', 'BIBLIOGRAFIA COMPLEMENTAR',90,10,2);

	-- INSERINDO DADOS NA TABELA DISCIPLINAOFERTADA
	INSERT INTO DISCIPLINAOFERTADA (IDCOORDENADOR, IDDISCIPLINA, IDCURSO, ANO, SEMESTRE, TURMA, IDPROFESSOR, METODOLOGIA, RECURSOS, CRITERIOAVALIACAO, PLANODEAULAS) 
	VALUES

	-- ADS (A, B, C, D)
	(2, 47, 2, 2018, 2, 'A',39, 'PRESENCIAL', 'CLASSROOM', 'ACS + PROVA', 'PLANO'),
	(2, 176, 2, 2018, 2, 'A',17, 'PRESENCIAL', 'CLASSROOM', 'ACS + PROVA', 'PLANO'),
	(2, 41, 2, 2018, 2, 'A',24, 'PRESENCIAL', 'CLASSROOM', 'ACS + PROVA', 'PLANO'),
	(2, 44, 2, 2018, 2, 'A',4, 'PRESENCIAL', 'CLASSROOM', 'ACS + PROVA', 'PLANO'),
	(2, 45, 2, 2018, 2, 'A',36, 'PRESENCIAL', 'CLASSROOM', 'ACS + PROVA', 'PLANO'),
	(2, 42, 2, 2018, 2, 'A',18, 'PRESENCIAL', 'CLASSROOM', 'ACS + PROVA', 'PLANO'),
	(2, 43, 2, 2018, 2, 'A',3, 'PRESENCIAL', 'CLASSROOM', 'ACS + PROVA', 'PLANO'),

	(2, 47, 2, 2018, 2, 'B',39, 'PRESENCIAL', 'CLASSROOM', 'ACS + PROVA', 'PLANO'),
	(2, 176, 2, 2018, 2, 'B',17, 'PRESENCIAL', 'CLASSROOM', 'ACS + PROVA', 'PLANO'),
	(2, 41, 2, 2018, 2, 'B',24, 'PRESENCIAL', 'CLASSROOM', 'ACS + PROVA', 'PLANO'),
	(2, 44, 2, 2018, 2, 'B',4, 'PRESENCIAL', 'CLASSROOM', 'ACS + PROVA', 'PLANO'),
	(2, 45, 2, 2018, 2, 'B',36, 'PRESENCIAL', 'CLASSROOM', 'ACS + PROVA', 'PLANO'),
	(2, 42, 2, 2018, 2, 'B',18, 'PRESENCIAL', 'CLASSROOM', 'ACS + PROVA', 'PLANO'),
	(2, 43, 2, 2018, 2, 'B',3, 'PRESENCIAL', 'CLASSROOM', 'ACS + PROVA', 'PLANO'),

	(2, 47, 2, 2018, 2, 'C',39, 'PRESENCIAL', 'CLASSROOM', 'ACS + PROVA', 'PLANO'),
	(2, 176, 2, 2018, 2, 'C',17, 'PRESENCIAL', 'CLASSROOM', 'ACS + PROVA', 'PLANO'),
	(2, 41, 2, 2018, 2, 'C',24, 'PRESENCIAL', 'CLASSROOM', 'ACS + PROVA', 'PLANO'),
	(2, 44, 2, 2018, 2, 'C',4, 'PRESENCIAL', 'CLASSROOM', 'ACS + PROVA', 'PLANO'),
	(2, 45, 2, 2018, 2, 'C',36, 'PRESENCIAL', 'CLASSROOM', 'ACS + PROVA', 'PLANO'),
	(2, 42, 2, 2018, 2, 'C',18, 'PRESENCIAL', 'CLASSROOM', 'ACS + PROVA', 'PLANO'),
	(2, 43, 2, 2018, 2, 'C',3, 'PRESENCIAL', 'CLASSROOM', 'ACS + PROVA', 'PLANO'),

	(2, 47, 2, 2018, 2, 'D',39, 'PRESENCIAL', 'CLASSROOM', 'ACS + PROVA', 'PLANO'),
	(2, 176, 2, 2018, 2, 'D',17, 'PRESENCIAL', 'CLASSROOM', 'ACS + PROVA', 'PLANO'),
	(2, 41, 2, 2018, 2, 'D',24, 'PRESENCIAL', 'CLASSROOM', 'ACS + PROVA', 'PLANO'),
	(2, 44, 2, 2018, 2, 'D',4, 'PRESENCIAL', 'CLASSROOM', 'ACS + PROVA', 'PLANO'),
	(2, 45, 2, 2018, 2, 'D',36, 'PRESENCIAL', 'CLASSROOM', 'ACS + PROVA', 'PLANO'),
	(2, 42, 2, 2018, 2, 'D',18, 'PRESENCIAL', 'CLASSROOM', 'ACS + PROVA', 'PLANO'),
	(2, 43, 2, 2018, 2, 'D',3, 'PRESENCIAL', 'CLASSROOM', 'ACS + PROVA', 'PLANO'),

	-- SI(A, B)
	(4, 47, 11, 2018, 2, 'A',39, 'PRESENCIAL', 'CLASSROOM', 'ACS + PROVA', 'PLANO'),
	(4, 176, 11, 2018, 2, 'A',17, 'PRESENCIAL', 'CLASSROOM', 'ACS + PROVA', 'PLANO'),
	(4, 41, 11, 2018, 2, 'A',24, 'PRESENCIAL', 'CLASSROOM', 'ACS + PROVA', 'PLANO'),
	(4, 44, 11, 2018, 2, 'A',4, 'PRESENCIAL', 'CLASSROOM', 'ACS + PROVA', 'PLANO'),
	(4, 45, 11, 2018, 2, 'A',36, 'PRESENCIAL', 'CLASSROOM', 'ACS + PROVA', 'PLANO'),
	(4, 42, 11, 2018, 2, 'A',18, 'PRESENCIAL', 'CLASSROOM', 'ACS + PROVA', 'PLANO'),
	(4, 43, 11, 2018, 2, 'A',3, 'PRESENCIAL', 'CLASSROOM', 'ACS + PROVA', 'PLANO'),

	(4, 47, 11, 2018, 2, 'B',39, 'PRESENCIAL', 'CLASSROOM', 'ACS + PROVA', 'PLANO'),
	(4, 176, 11, 2018, 2, 'B',17, 'PRESENCIAL', 'CLASSROOM', 'ACS + PROVA', 'PLANO'),
	(4, 41, 11, 2018, 2, 'B',24, 'PRESENCIAL', 'CLASSROOM', 'ACS + PROVA', 'PLANO'),
	(4, 44, 11, 2018, 2, 'B',4, 'PRESENCIAL', 'CLASSROOM', 'ACS + PROVA', 'PLANO'),
	(4, 45, 11, 2018, 2, 'B',36, 'PRESENCIAL', 'CLASSROOM', 'ACS + PROVA', 'PLANO'),
	(4, 42, 11, 2018, 2, 'B',18, 'PRESENCIAL', 'CLASSROOM', 'ACS + PROVA', 'PLANO'),
	(4, 43, 11, 2018, 2, 'B',3, 'PRESENCIAL', 'CLASSROOM', 'ACS + PROVA', 'PLANO');

-- INSERINDO DADOS NA TABELA SOLICITACAOMATRICULA

INSERT INTO SOLICITACAOMATRICULA(IDALUNO,IDDOFERTADA,IDCOORDENADOR,STATUS) VALUES
(1,1,2,'APROVADA'),
(1,2,2,'APROVADA'),
(2,1,2,'APROVADA'),
(2,2,2,'APROVADA'),
(3,1,2,'APROVADA'),
(3,2,2,'APROVADA'),
(4,1,2,'APROVADA'),
(4,2,2,'APROVADA'),
(5,1,2,'APROVADA'),
(5,2,2,'APROVADA'),

(1,3,2,'REJEITADA'),
(1,4,2,'REJEITADA'),
(2,3,2,'REJEITADA'),
(2,4,2,'REJEITADA'),
(3,3,2,'REJEITADA'),
(3,4,2,'REJEITADA'),
(4,3,2,'REJEITADA'),
(4,4,2,'REJEITADA'),
(5,3,2,'REJEITADA'),
(5,4,2,'REJEITADA'),  

(6,37,4,'SOLICITADA'),
(6,38,4,'SOLICITADA'),
(7,37,4,'SOLICITADA'),
(7,38,4,'SOLICITADA'),
(8,37,4,'SOLICITADA'),
(8,38,4,'SOLICITADA'),
(9,37,4,'SOLICITADA'),
(9,38,4,'SOLICITADA'),
(10,37,4,'SOLICITADA'),
(10,38,4,'SOLICITADA'),

(6,29,4,'CANCELADA'),
(6,30,4,'CANCELADA'),
(7,29,4,'CANCELADA'),
(7,30,4,'CANCELADA'),
(8,29,4,'CANCELADA'),
(8,30,4,'CANCELADA'),
(9,29,4,'CANCELADA'),
(9,30,4,'CANCELADA'),
(10,29,4,'CANCELADA'),
(10,30,4,'CANCELADA');

-- INSERINDO DADOS NA TABELA ATIVIDADE
INSERT INTO ATIVIDADE (TITULO, CONTEUDO, TIPO) VALUES
('AC1', 'Atividade contínuada 1', 'RESPOSTA ABERTA'),
('AC2', 'Atividade contínuada 2', 'RESPOSTA ABERTA'),
('AC3', 'Atividade continuáda 3', 'RESPOSTA ABERTA'),
('AC4', 'Atividade continuáda 4', 'RESPOSTA ABERTA'),
('AC5', 'Atividade continuáda 5', 'RESPOSTA ABERTA'),
('AC6', 'Atividade continuáda 6', 'RESPOSTA ABERTA'),
('AC7', 'Atividade continuáda 7', 'RESPOSTA ABERTA'),
('AC8', 'Atividade continuáda 8', 'RESPOSTA ABERTA'),
('AC9', 'Atividade continuáda 9', 'RESPOSTA ABERTA'),
('AC10', 'Atividade continuáda 10', 'RESPOSTA ABERTA');

-- INSERINDO DADOS NA TABELA ENTREGA
INSERT INTO ENTREGA (IDALUNO, IDAVINCULADA, TITULO, RESPOSTA, STATUS, IDPROFESSOR, NOTA, DTAVALIACAO) VALUES
(1,1,'ENREGA AC1', '1-A, 2-B, 3-C', 'CORRIGIDO', 18, 10, GETDATE()),
(1,2,'ENTREGA AC2', '1-A, 2-B, 3-C', 'CORRIGIDO', 18, 9, GETDATE()),
(1,3,'ENTREGA AC3', '1-A, 2-B, 3-C', 'CORRIGIDO', 18, 9, GETDATE()),
(1,4,'ENTREGA AC4', '1-A, 2-B, 3-C', 'CORRIGIDO', 18, 10, GETDATE()),
(1,5,'ENTREGA AC5', '1-A, 2-B, 3-C', 'CORRIGIDO', 18, 8, GETDATE()),
(2,1,'ENTREGA AC1', '1-A, 2-B, 3-C', 'CORRIGIDO', 18, 9, GETDATE()),
(2,2,'ENTREGA AC2', '1-A, 2-B, 3-C', 'CORRIGIDO', 18, 7, GETDATE()),
(2,3,'ENTREGA AC3', '1-A, 2-B, 3-C', 'CORRIGIDO', 18, 9, GETDATE()),
(2,4,'ENTREGA AC4', '1-A, 2-B, 3-C', 'CORRIGIDO', 18, 6, GETDATE()),
(2,5,'ENTREGA AC5', '1-A, 2-B, 3-C', 'CORRIGIDO', 18, 8, GETDATE()),

(1,11,'ENREGA AC1', '1-A, 2-B, 3-C', 'CORRIGIDO', 36, 10, GETDATE()),
(1,12,'ENTREGA AC2', '1-A, 2-B, 3-C', 'CORRIGIDO', 36, 9, GETDATE()),
(1,13,'ENTREGA AC3', '1-A, 2-B, 3-C', 'CORRIGIDO', 36, 6, GETDATE()),
(1,14,'ENTREGA AC4', '1-A, 2-B, 3-C', 'CORRIGIDO', 36, 10, GETDATE()),
(1,15,'ENTREGA AC5', '1-A, 2-B, 3-C', 'CORRIGIDO', 36, 8, GETDATE()),
(2,11,'ENTREGA AC1', '1-A, 2-B, 3-C', 'CORRIGIDO', 36, 9, GETDATE()),
(2,12,'ENTREGA AC2', '1-A, 2-B, 3-C', 'CORRIGIDO', 36, 7, GETDATE()),
(2,13,'ENTREGA AC3', '1-A, 2-B, 3-C', 'CORRIGIDO', 36, 9, GETDATE()),
(2,14,'ENTREGA AC4', '1-A, 2-B, 3-C', 'CORRIGIDO', 36, 7, GETDATE()),
(2,15,'ENTREGA AC5', '1-A, 2-B, 3-C', 'CORRIGIDO', 36, 8, GETDATE());

INSERT INTO ENTREGA (IDALUNO, IDAVINCULADA, TITULO, RESPOSTA, STATUS) VALUES
(1,6,'ENREGA AC6', '1-A, 2-B, 3-C', 'ENTREGUE'),
(1,7,'ENTREGA AC7', '1-A, 2-B, 3-C', 'ENTREGUE'),
(1,8,'ENTREGA AC8', '1-A, 2-B, 3-C', 'ENTREGUE'),
(1,9,'ENTREGA AC9', '1-A, 2-B, 3-C', 'ENTREGUE'),
(1,10,'ENTREGA AC10', '1-A, 2-B, 3-C','ENTREGUE'),
(2,6,'ENTREGA AC6', '1-A, 2-B, 3-C', 'ENTREGUE'),
(2,7,'ENTREGA AC7', '1-A, 2-B, 3-C', 'ENTREGUE'),
(2,8,'ENTREGA AC8', '1-A, 2-B, 3-C', 'ENTREGUE'),
(2,9,'ENTREGA AC9', '1-A, 2-B, 3-C', 'ENTREGUE'),
(2,10,'ENTREGA AC10', '1-A, 2-B, 3-C', 'ENTREGUE'),

(1,16,'ENREGA AC6', '1-A, 2-B, 3-C', 'ENTREGUE'),
(1,17,'ENTREGA AC7', '1-A, 2-B, 3-C', 'ENTREGUE'),
(1,18,'ENTREGA AC8', '1-A, 2-B, 3-C', 'ENTREGUE'),
(1,19,'ENTREGA AC9', '1-A, 2-B, 3-C', 'ENTREGUE'),
(1,20,'ENTREGA AC10', '1-A, 2-B, 3-C', 'ENTREGUE'),
(2,16,'ENTREGA AC6', '1-A, 2-B, 3-C', 'ENTREGUE'),
(2,17,'ENTREGA AC7', '1-A, 2-B, 3-C', 'ENTREGUE'),
(2,18,'ENTREGA AC8', '1-A, 2-B, 3-C1', 'ENTREGUE'),
(2,19,'ENTREGA AC9', '1-A, 2-B, 3-C1', 'ENTREGUE'),
(2,20,'ENTREGA AC10', '1-A, 2-B, 3-C1', 'ENTREGUE');

-- INSERINDO DADOS NA TABELA MENSAGEM

INSERT INTO MENSAGEM (IDALUNO, IDPROFESSOR, ASSUNTO, REFERENCIA, CONTEUDO, STATUS, DTENVIO, DTRESPOSTA, RESPOSTA) VALUES
(1, 18,'LINGUAGEM SQL', 'FALTA', 'PROFESSOR FAVOR VERIFICAR MINHA FALTA DO DIA 10/07', 'RESPONDIDO', '20180712','20180715','FALTA LANÇADA ERRONEAMENTE, JÁ AJUSTADO. FAVOR VERIFICAR'),
(2, 18,'LINGUAGEM SQL', 'NOTA', 'PROFESSOR ESTOU SEM A NOTA DO DIA 10/05', 'RESPONDIDO', '20180712', '20180715', 'NOTA LANÇADA ERRONEAMENTE, JÁ AJUSTADO. FAVOR VERIFICAR'),
(3, 18,'LINGUAGEM SQL', 'NOTA', 'PROFESSOR ESTOU SEM A NOTA DO DIA 25/05', 'RESPONDIDO', '20180712', '20180715', 'NOTA LANÇADA ERRONEAMENTE, JÁ AJUSTADO. FAVOR VERIFICAR'),
(4, 18,'LINGUAGEM SQL', 'NOTA', 'PROFESSOR ESTOU SEM A NOTA DO DIA 13/05', 'RESPONDIDO', '20180712', '20180715', 'NOTA LANÇADA ERRONEAMENTE, JÁ AJUSTADO. FAVOR VERIFICAR'),
(5, 18,'LINGUAGEM SQL', 'NOTA', 'PROFESSOR ESTOU SEM A NOTA DO DIA 27/09', 'RESPONDIDO', '20180712', '20180715', 'NOTA LANÇADA ERRONEAMENTE, JÁ AJUSTADO. FAVOR VERIFICAR'),
(6, 18,'LINGUAGEM SQL', 'NOTA', 'PROFESSOR ESTOU SEM A NOTA DO DIA 26/05', 'RESPONDIDO', '20180712', '20180715', 'NOTA LANÇADA ERRONEAMENTE, JÁ AJUSTADO. FAVOR VERIFICAR'),
(7, 18,'LINGUAGEM SQL', 'NOTA', 'PROFESSOR ESTOU SEM A NOTA DO DIA 16/05', 'RESPONDIDO', '20180712', '20180715', 'NOTA LANÇADA ERRONEAMENTE, JÁ AJUSTADO. FAVOR VERIFICAR'),
(8, 18,'LINGUAGEM SQL', 'NOTA', 'PROFESSOR ESTOU SEM A NOTA DO DIA 04/07', 'RESPONDIDO', '20180712', '20180715', 'NOTA LANÇADA ERRONEAMENTE, JÁ AJUSTADO. FAVOR VERIFICAR'),
(9, 18,'LINGUAGEM SQL', 'NOTA', 'PROFESSOR ESTOU SEM A NOTA DO DIA 10/06', 'RESPONDIDO', '20180712', '20180715', 'NOTA LANÇADA ERRONEAMENTE, JÁ AJUSTADO. FAVOR VERIFICAR'),
(10, 18,'LINGUAGEM SQL', 'NOTA', 'PROFESSOR ESTOU SEM A NOTA DO DIA 10/07', 'RESPONDIDO', '20180712', '20180715', 'NOTA LANÇADA ERRONEAMENTE, JÁ AJUSTADO. FAVOR VERIFICAR');

INSERT INTO MENSAGEM (IDALUNO, IDPROFESSOR, ASSUNTO, REFERENCIA, CONTEUDO, STATUS, DTENVIO) VALUES
(11, 18, 'LINGUAGEM SQL', 'FALTA', 'PROFESSOR FAVOR VERIFICAR MINHA FALTA DO DIA 10/07', 'LIDO', '20180712'),
(12, 18, 'LINGUAGEM SQL', 'NOTA', 'PROFESSOR ESTOU SEM A NOTA DO DIA 10/05', 'LIDO', '20180712'),
(13, 18, 'LINGUAGEM SQL', 'NOTA', 'PROFESSOR ESTOU SEM A NOTA DO DIA 25/05', 'LIDO', '20180712'),
(14, 18, 'LINGUAGEM SQL', 'NOTA', 'PROFESSOR ESTOU SEM A NOTA DO DIA 13/05', 'LIDO', '20180712'),
(15, 18, 'LINGUAGEM SQL', 'NOTA', 'PROFESSOR ESTOU SEM A NOTA DO DIA 27/09', 'LIDO', '20180712'),
(16, 18, 'LINGUAGEM SQL', 'NOTA', 'PROFESSOR ESTOU SEM A NOTA DO DIA 26/05', 'LIDO', '20180712'),
(17, 18, 'LINGUAGEM SQL', 'NOTA', 'PROFESSOR ESTOU SEM A NOTA DO DIA 16/05', 'LIDO', '20180712'),
(18, 18, 'LINGUAGEM SQL', 'NOTA', 'PROFESSOR ESTOU SEM A NOTA DO DIA 04/07', 'LIDO', '20180712'),
(19, 18, 'LINGUAGEM SQL', 'NOTA', 'PROFESSOR ESTOU SEM A NOTA DO DIA 10/06', 'LIDO', '20180712'),
(20, 28, 'LINGUAGEM SQL', 'NOTA', 'PROFESSOR ESTOU SEM A NOTA DO DIA 10/07', 'LIDO', '20180712');


INSERT INTO MENSAGEM (IDALUNO, IDPROFESSOR, ASSUNTO, REFERENCIA, CONTEUDO, STATUS, DTENVIO) VALUES
(21, 18, 'LINGUAGEM SQL', 'FALTA', 'PROFESSOR FAVOR VERIFICAR MINHA FALTA DO DIA 10/07', 'ENVIADO', '20180712'),
(22, 18, 'LINGUAGEM SQL', 'NOTA', 'PROFESSOR ESTOU SEM A NOTA DO DIA 10/05', 'ENVIADO', '20180712'),
(23, 18, 'LINGUAGEM SQL', 'NOTA', 'PROFESSOR ESTOU SEM A NOTA DO DIA 25/05', 'ENVIADO', '20180712'),
(24, 18, 'LINGUAGEM SQL', 'NOTA', 'PROFESSOR ESTOU SEM A NOTA DO DIA 13/05', 'ENVIADO', '20180712'),
(25, 18, 'LINGUAGEM SQL', 'NOTA', 'PROFESSOR ESTOU SEM A NOTA DO DIA 27/09', 'ENVIADO', '20180712'),
(26, 18, 'LINGUAGEM SQL', 'NOTA', 'PROFESSOR ESTOU SEM A NOTA DO DIA 26/05', 'ENVIADO', '20180712'),
(27, 18, 'LINGUAGEM SQL', 'NOTA', 'PROFESSOR ESTOU SEM A NOTA DO DIA 16/05', 'ENVIADO', '20180712'),
(28, 18, 'LINGUAGEM SQL', 'NOTA', 'PROFESSOR ESTOU SEM A NOTA DO DIA 04/07', 'ENVIADO', '20180712'),
(29, 18, 'LINGUAGEM SQL', 'NOTA', 'PROFESSOR ESTOU SEM A NOTA DO DIA 10/06', 'ENVIADO', '20180712'),
(30, 18, 'LINGUAGEM SQL', 'NOTA', 'PROFESSOR ESTOU SEM A NOTA DO DIA 10/07', 'ENVIADO', '20180712');

-- USANDO OS COMANDOS (UPDATE, DELETE)
DELETE FROM PROFESSOR WHERE ID = 32;
DELETE FROM ALUNO WHERE ID = 30
UPDATE USUARIO SET SENHA = '87654321' WHERE LOGIN = 'GUSTAVO.FERREIRA';

UPDATE MENSAGEM 
	SET STATUS = 'RESPONDIDO', 
		DTRESPOSTA=GETDATE(),
		RESPOSTA='NOTA LANÇADA ERRONAMENTE, JÁ AJUSTADO. FAVOR VERIFICAR' 
WHERE STATUS='LIDO'; 
UPDATE  ENTREGA SET STATUS = 'CORRIGIDO', IDPROFESSOR = 4, NOTA = 10, DTAVALIACAO = GETDATE() WHERE STATUS = 'ENTREGUE';
